,acc,f1,precision,recall,1/1,0/0,0/1,1/0,model,dataset,rate,length negatives,length positives,epochs_neginf,epochs_pu
0,0.2916,0.4369,0.2812,0.9796,722,44,1846,15,RGCN,Cora,0.1,81,81,1,1
1,0.7164,0.0,0.0,0.0,0,1882,8,737,RGCN,Cora,0.1,81,81,1,11
2,0.7195,0.0,0.0,0.0,0,1890,0,737,RGCN,Cora,0.1,81,81,1,21
3,0.7195,0.0,0.0,0.0,0,1890,0,737,RGCN,Cora,0.1,81,81,1,31
4,0.7195,0.0,0.0,0.0,0,1890,0,737,RGCN,Cora,0.1,81,81,1,41
5,0.7195,0.0,0.0,0.0,0,1890,0,737,RGCN,Cora,0.1,81,81,1,51
6,0.7195,0.0,0.0,0.0,0,1890,0,737,RGCN,Cora,0.1,81,81,1,61
7,0.7195,0.0,0.0,0.0,0,1890,0,737,RGCN,Cora,0.1,81,81,1,71
8,0.7195,0.0,0.0,0.0,0,1890,0,737,RGCN,Cora,0.1,81,81,1,81
9,0.7195,0.0,0.0,0.0,0,1890,0,737,RGCN,Cora,0.1,81,81,1,91
10,0.7195,0.0,0.0,0.0,0,1890,0,737,RGCN,Cora,0.1,81,81,1,101
11,0.7195,0.0,0.0,0.0,0,1890,0,737,RGCN,Cora,0.1,81,81,1,111
12,0.7195,0.0,0.0,0.0,0,1890,0,737,RGCN,Cora,0.1,81,81,1,121
13,0.7195,0.0,0.0,0.0,0,1890,0,737,RGCN,Cora,0.1,81,81,1,131
14,0.7195,0.0,0.0,0.0,0,1890,0,737,RGCN,Cora,0.1,81,81,1,141
15,0.7195,0.0,0.0,0.0,0,1890,0,737,RGCN,Cora,0.1,81,81,1,151
16,0.7195,0.0,0.0,0.0,0,1890,0,737,RGCN,Cora,0.1,81,81,1,161
17,0.7195,0.0,0.0,0.0,0,1890,0,737,RGCN,Cora,0.1,81,81,1,171
18,0.7195,0.0,0.0,0.0,0,1890,0,737,RGCN,Cora,0.1,81,81,1,181
19,0.7195,0.0,0.0,0.0,0,1890,0,737,RGCN,Cora,0.1,81,81,1,191
20,0.6056,0.0058,0.0098,0.0041,3,1588,302,734,RGCN,Cora,0.1,81,81,11,1
21,0.8272,0.6928,0.691,0.6947,512,1661,229,225,RGCN,Cora,0.1,81,81,11,11
22,0.7895,0.6546,0.6065,0.711,524,1550,340,213,RGCN,Cora,0.1,81,81,11,21
23,0.7575,0.4456,0.6214,0.3474,256,1734,156,481,RGCN,Cora,0.1,81,81,11,31
24,0.8154,0.5603,0.8443,0.4193,309,1833,57,428,RGCN,Cora,0.1,81,81,11,41
25,0.788,0.6385,0.6119,0.6676,492,1578,312,245,RGCN,Cora,0.1,81,81,11,51
26,0.7986,0.5051,0.8133,0.3664,270,1828,62,467,RGCN,Cora,0.1,81,81,11,61
27,0.7819,0.467,0.7426,0.3406,251,1803,87,486,RGCN,Cora,0.1,81,81,11,71
28,0.831,0.6071,0.8728,0.4654,343,1840,50,394,RGCN,Cora,0.1,81,81,11,81
29,0.8546,0.7025,0.8245,0.6119,451,1794,96,286,RGCN,Cora,0.1,81,81,11,91
30,0.8024,0.4856,0.9007,0.3324,245,1863,27,492,RGCN,Cora,0.1,81,81,11,101
31,0.8458,0.65,0.8952,0.5102,376,1846,44,361,RGCN,Cora,0.1,81,81,11,111
32,0.8116,0.5545,0.8235,0.4179,308,1824,66,429,RGCN,Cora,0.1,81,81,11,121
33,0.7941,0.5032,0.7784,0.3718,274,1812,78,463,RGCN,Cora,0.1,81,81,11,131
34,0.7815,0.4033,0.8622,0.2632,194,1859,31,543,RGCN,Cora,0.1,81,81,11,141
35,0.7967,0.4765,0.8587,0.3297,243,1850,40,494,RGCN,Cora,0.1,81,81,11,151
36,0.7986,0.4819,0.8662,0.3338,246,1852,38,491,RGCN,Cora,0.1,81,81,11,161
37,0.7937,0.4644,0.8545,0.3189,235,1850,40,502,RGCN,Cora,0.1,81,81,11,171
38,0.8154,0.5368,0.9065,0.3813,281,1861,29,456,RGCN,Cora,0.1,81,81,11,181
39,0.756,0.2607,0.8692,0.1533,113,1873,17,624,RGCN,Cora,0.1,81,81,11,191
40,0.6658,0.4749,0.4246,0.5387,397,1352,538,340,RGCN,Cora,0.1,81,81,21,1
41,0.7571,0.6467,0.5463,0.7924,584,1405,485,153,RGCN,Cora,0.1,81,81,21,11
42,0.8656,0.7328,0.8288,0.6567,484,1790,100,253,RGCN,Cora,0.1,81,81,21,21
43,0.8531,0.7207,0.7721,0.6757,498,1743,147,239,RGCN,Cora,0.1,81,81,21,31
44,0.8226,0.6897,0.6771,0.7028,518,1643,247,219,RGCN,Cora,0.1,81,81,21,41
45,0.8367,0.6619,0.7895,0.5699,420,1778,112,317,RGCN,Cora,0.1,81,81,21,51
46,0.8435,0.6993,0.7587,0.6486,478,1738,152,259,RGCN,Cora,0.1,81,81,21,61
47,0.8531,0.6778,0.8807,0.5509,406,1835,55,331,RGCN,Cora,0.1,81,81,21,71
48,0.8713,0.7606,0.7956,0.7286,537,1752,138,200,RGCN,Cora,0.1,81,81,21,81
49,0.8424,0.6474,0.8696,0.5156,380,1833,57,357,RGCN,Cora,0.1,81,81,21,91
50,0.8462,0.711,0.7519,0.6744,497,1726,164,240,RGCN,Cora,0.1,81,81,21,101
51,0.8462,0.657,0.8776,0.5251,387,1836,54,350,RGCN,Cora,0.1,81,81,21,111
52,0.8363,0.6399,0.8359,0.5183,382,1815,75,355,RGCN,Cora,0.1,81,81,21,121
53,0.8314,0.6104,0.8675,0.4708,347,1837,53,390,RGCN,Cora,0.1,81,81,21,131
54,0.8298,0.6137,0.8452,0.4817,355,1825,65,382,RGCN,Cora,0.1,81,81,21,141
55,0.8527,0.6762,0.8821,0.5482,404,1836,54,333,RGCN,Cora,0.1,81,81,21,151
56,0.8139,0.533,0.9,0.3786,279,1859,31,458,RGCN,Cora,0.1,81,81,21,161
57,0.8051,0.5133,0.8571,0.3664,270,1845,45,467,RGCN,Cora,0.1,81,81,21,171
58,0.8416,0.6463,0.8656,0.5156,380,1831,59,357,RGCN,Cora,0.1,81,81,21,181
59,0.826,0.5772,0.907,0.4233,312,1858,32,425,RGCN,Cora,0.1,81,81,21,191
60,0.5291,0.4831,0.349,0.7843,578,812,1078,159,RGCN,Cora,0.1,81,81,31,1
61,0.8104,0.6719,0.653,0.692,510,1619,271,227,RGCN,Cora,0.1,81,81,31,11
62,0.7834,0.6533,0.5929,0.7273,536,1522,368,201,RGCN,Cora,0.1,81,81,31,21
63,0.8093,0.6807,0.6418,0.7246,534,1592,298,203,RGCN,Cora,0.1,81,81,31,31
64,0.858,0.7235,0.7974,0.6621,488,1766,124,249,RGCN,Cora,0.1,81,81,31,41
65,0.8428,0.6948,0.763,0.6377,470,1744,146,267,RGCN,Cora,0.1,81,81,31,51
66,0.8489,0.7061,0.7769,0.6472,477,1753,137,260,RGCN,Cora,0.1,81,81,31,61
67,0.8489,0.6857,0.8232,0.5875,433,1797,93,304,RGCN,Cora,0.1,81,81,31,71
68,0.8272,0.6333,0.7824,0.5319,392,1781,109,345,RGCN,Cora,0.1,81,81,31,81
69,0.8306,0.6319,0.8093,0.5183,382,1800,90,355,RGCN,Cora,0.1,81,81,31,91
70,0.8196,0.6717,0.686,0.6581,485,1668,222,252,RGCN,Cora,0.1,81,81,31,101
71,0.8306,0.6009,0.8862,0.4545,335,1847,43,402,RGCN,Cora,0.1,81,81,31,111
72,0.8317,0.6039,0.8892,0.4573,337,1848,42,400,RGCN,Cora,0.1,81,81,31,121
73,0.826,0.603,0.8382,0.4708,347,1823,67,390,RGCN,Cora,0.1,81,81,31,131
74,0.8024,0.5514,0.7595,0.4328,319,1789,101,418,RGCN,Cora,0.1,81,81,31,141
75,0.8177,0.5561,0.8772,0.4071,300,1848,42,437,RGCN,Cora,0.1,81,81,31,151
76,0.7922,0.454,0.8631,0.308,227,1854,36,510,RGCN,Cora,0.1,81,81,31,161
77,0.8078,0.514,0.8841,0.3623,267,1855,35,470,RGCN,Cora,0.1,81,81,31,171
78,0.8222,0.5607,0.9141,0.4043,298,1862,28,439,RGCN,Cora,0.1,81,81,31,181
79,0.7967,0.4606,0.9012,0.3094,228,1865,25,509,RGCN,Cora,0.1,81,81,31,191
80,0.5154,0.1674,0.1616,0.1737,128,1226,664,609,RGCN,Cora,0.1,81,81,41,1
81,0.8435,0.728,0.7106,0.7463,550,1666,224,187,RGCN,Cora,0.1,81,81,41,11
82,0.7971,0.6406,0.6367,0.6445,475,1619,271,262,RGCN,Cora,0.1,81,81,41,21
83,0.7998,0.6662,0.6257,0.7123,525,1576,314,212,RGCN,Cora,0.1,81,81,41,31
84,0.8519,0.7064,0.7959,0.635,468,1770,120,269,RGCN,Cora,0.1,81,81,41,41
85,0.8188,0.6293,0.7386,0.5482,404,1747,143,333,RGCN,Cora,0.1,81,81,41,51
86,0.834,0.6342,0.8308,0.5129,378,1813,77,359,RGCN,Cora,0.1,81,81,41,61
87,0.85,0.677,0.8551,0.5604,413,1820,70,324,RGCN,Cora,0.1,81,81,41,71
88,0.8199,0.6048,0.787,0.4912,362,1792,98,375,RGCN,Cora,0.1,81,81,41,81
89,0.8375,0.6713,0.7758,0.5916,436,1764,126,301,RGCN,Cora,0.1,81,81,41,91
90,0.834,0.6267,0.8492,0.4966,366,1825,65,371,RGCN,Cora,0.1,81,81,41,101
91,0.834,0.6248,0.8541,0.4925,363,1828,62,374,RGCN,Cora,0.1,81,81,41,111
92,0.8165,0.583,0.8043,0.4573,337,1808,82,400,RGCN,Cora,0.1,81,81,41,121
93,0.8249,0.6082,0.8169,0.4844,357,1810,80,380,RGCN,Cora,0.1,81,81,41,131
94,0.8207,0.585,0.8342,0.4505,332,1824,66,405,RGCN,Cora,0.1,81,81,41,141
95,0.8146,0.5577,0.8434,0.4166,307,1833,57,430,RGCN,Cora,0.1,81,81,41,151
96,0.8348,0.6328,0.8404,0.5075,374,1819,71,363,RGCN,Cora,0.1,81,81,41,161
97,0.8158,0.5584,0.8524,0.4152,306,1837,53,431,RGCN,Cora,0.1,81,81,41,171
98,0.8222,0.5893,0.8375,0.4545,335,1825,65,402,RGCN,Cora,0.1,81,81,41,181
99,0.8131,0.5449,0.8596,0.3989,294,1842,48,443,RGCN,Cora,0.1,81,81,41,191
100,0.697,0.2103,0.3911,0.1438,106,1725,165,631,RGCN,Cora,0.1,81,81,51,1
101,0.8215,0.5932,0.8221,0.464,342,1816,74,395,RGCN,Cora,0.1,81,81,51,11
102,0.8257,0.6354,0.7688,0.5414,399,1770,120,338,RGCN,Cora,0.1,81,81,51,21
103,0.8287,0.6706,0.7281,0.6214,458,1719,171,279,RGCN,Cora,0.1,81,81,51,31
104,0.815,0.6725,0.668,0.6771,499,1642,248,238,RGCN,Cora,0.1,81,81,51,41
105,0.823,0.6049,0.8091,0.483,356,1806,84,381,RGCN,Cora,0.1,81,81,51,51
106,0.8158,0.6153,0.7428,0.5251,387,1756,134,350,RGCN,Cora,0.1,81,81,51,61
107,0.8409,0.6895,0.7619,0.6296,464,1745,145,273,RGCN,Cora,0.1,81,81,51,71
108,0.8363,0.6603,0.7902,0.5672,418,1779,111,319,RGCN,Cora,0.1,81,81,51,81
109,0.8196,0.6447,0.7203,0.5834,430,1723,167,307,RGCN,Cora,0.1,81,81,51,91
110,0.8234,0.6209,0.7803,0.5156,380,1783,107,357,RGCN,Cora,0.1,81,81,51,101
111,0.8199,0.6255,0.751,0.536,395,1759,131,342,RGCN,Cora,0.1,81,81,51,111
112,0.8161,0.566,0.8378,0.4274,315,1829,61,422,RGCN,Cora,0.1,81,81,51,121
113,0.8207,0.5783,0.85,0.4383,323,1833,57,414,RGCN,Cora,0.1,81,81,51,131
114,0.8131,0.5449,0.8596,0.3989,294,1842,48,443,RGCN,Cora,0.1,81,81,51,141
115,0.8161,0.5985,0.7725,0.4885,360,1784,106,377,RGCN,Cora,0.1,81,81,51,151
116,0.7982,0.4721,0.8876,0.3216,237,1860,30,500,RGCN,Cora,0.1,81,81,51,161
117,0.8219,0.5909,0.8305,0.4586,338,1821,69,399,RGCN,Cora,0.1,81,81,51,171
118,0.826,0.5959,0.8553,0.4573,337,1833,57,400,RGCN,Cora,0.1,81,81,51,181
119,0.7979,0.4727,0.8815,0.3229,238,1858,32,499,RGCN,Cora,0.1,81,81,51,191
120,0.4027,0.3593,0.257,0.597,440,618,1272,297,RGCN,Cora,0.1,81,81,61,1
121,0.7537,0.5608,0.5611,0.5604,413,1567,323,324,RGCN,Cora,0.1,81,81,61,11
122,0.7381,0.4956,0.5391,0.4586,338,1601,289,399,RGCN,Cora,0.1,81,81,61,21
123,0.8093,0.5539,0.8057,0.422,311,1815,75,426,RGCN,Cora,0.1,81,81,61,31
124,0.8264,0.6948,0.6856,0.7042,519,1652,238,218,RGCN,Cora,0.1,81,81,61,41
125,0.8337,0.6409,0.8125,0.5292,390,1800,90,347,RGCN,Cora,0.1,81,81,61,51
126,0.8264,0.6174,0.8088,0.4993,368,1803,87,369,RGCN,Cora,0.1,81,81,61,61
127,0.8264,0.6587,0.7346,0.597,440,1731,159,297,RGCN,Cora,0.1,81,81,61,71
128,0.8485,0.6989,0.7897,0.6269,462,1767,123,275,RGCN,Cora,0.1,81,81,61,81
129,0.8337,0.6636,0.7669,0.5848,431,1759,131,306,RGCN,Cora,0.1,81,81,61,91
130,0.8188,0.5758,0.839,0.4383,323,1828,62,414,RGCN,Cora,0.1,81,81,61,101
131,0.8165,0.5594,0.8571,0.4152,306,1839,51,431,RGCN,Cora,0.1,81,81,61,111
132,0.8435,0.6639,0.8354,0.5509,406,1810,80,331,RGCN,Cora,0.1,81,81,61,121
133,0.799,0.4923,0.8449,0.3474,256,1843,47,481,RGCN,Cora,0.1,81,81,61,131
134,0.8158,0.5973,0.772,0.4871,359,1784,106,378,RGCN,Cora,0.1,81,81,61,141
135,0.7891,0.4358,0.8735,0.2904,214,1859,31,523,RGCN,Cora,0.1,81,81,61,151
136,0.8306,0.6174,0.8427,0.4871,359,1823,67,378,RGCN,Cora,0.1,81,81,61,161
137,0.8211,0.5758,0.8598,0.4328,319,1838,52,418,RGCN,Cora,0.1,81,81,61,171
138,0.804,0.4946,0.8936,0.3419,252,1860,30,485,RGCN,Cora,0.1,81,81,61,181
139,0.8005,0.4893,0.8685,0.3406,251,1852,38,486,RGCN,Cora,0.1,81,81,61,191
140,0.5192,0.4779,0.3436,0.7843,578,786,1104,159,RGCN,Cora,0.1,81,81,71,1
141,0.7153,0.4228,0.4902,0.3718,274,1605,285,463,RGCN,Cora,0.1,81,81,71,11
142,0.8363,0.713,0.7017,0.7246,534,1663,227,203,RGCN,Cora,0.1,81,81,71,21
143,0.8249,0.6724,0.7076,0.6404,472,1695,195,265,RGCN,Cora,0.1,81,81,71,31
144,0.7963,0.5703,0.6988,0.4817,355,1737,153,382,RGCN,Cora,0.1,81,81,71,41
145,0.8215,0.6209,0.768,0.521,384,1774,116,353,RGCN,Cora,0.1,81,81,71,51
146,0.8279,0.6565,0.7461,0.5862,432,1743,147,305,RGCN,Cora,0.1,81,81,71,61
147,0.8371,0.6703,0.7754,0.5902,435,1764,126,302,RGCN,Cora,0.1,81,81,71,71
148,0.8158,0.5608,0.8466,0.4193,309,1834,56,428,RGCN,Cora,0.1,81,81,71,81
149,0.8439,0.6508,0.8741,0.5183,382,1835,55,355,RGCN,Cora,0.1,81,81,71,91
150,0.8135,0.5496,0.8519,0.4057,299,1838,52,438,RGCN,Cora,0.1,81,81,71,101
151,0.7948,0.4782,0.8345,0.3351,247,1841,49,490,RGCN,Cora,0.1,81,81,71,111
152,0.8043,0.5039,0.8729,0.3541,261,1852,38,476,RGCN,Cora,0.1,81,81,71,121
153,0.7899,0.4344,0.887,0.2877,212,1863,27,525,RGCN,Cora,0.1,81,81,71,131
154,0.7922,0.4678,0.8304,0.3256,240,1841,49,497,RGCN,Cora,0.1,81,81,71,141
155,0.8081,0.5245,0.8607,0.3772,278,1845,45,459,RGCN,Cora,0.1,81,81,71,151
156,0.8055,0.5101,0.8693,0.3609,266,1850,40,471,RGCN,Cora,0.1,81,81,71,161
157,0.7929,0.4403,0.9106,0.2904,214,1869,21,523,RGCN,Cora,0.1,81,81,71,171
158,0.7922,0.4562,0.8577,0.3107,229,1852,38,508,RGCN,Cora,0.1,81,81,71,181
159,0.7933,0.4565,0.8702,0.3094,228,1856,34,509,RGCN,Cora,0.1,81,81,71,191
160,0.4043,0.4472,0.3023,0.8589,633,429,1461,104,RGCN,Cora,0.1,81,81,81,1
161,0.7724,0.5882,0.5972,0.5794,427,1602,288,310,RGCN,Cora,0.1,81,81,81,11
162,0.8013,0.5591,0.7405,0.4491,331,1774,116,406,RGCN,Cora,0.1,81,81,81,21
163,0.8047,0.6063,0.6979,0.536,395,1719,171,342,RGCN,Cora,0.1,81,81,81,31
164,0.812,0.5517,0.8329,0.4125,304,1829,61,433,RGCN,Cora,0.1,81,81,81,41
165,0.8188,0.6474,0.7129,0.5929,437,1714,176,300,RGCN,Cora,0.1,81,81,81,51
166,0.8329,0.6502,0.7876,0.5536,408,1780,110,329,RGCN,Cora,0.1,81,81,81,61
167,0.8405,0.6809,0.776,0.6065,447,1761,129,290,RGCN,Cora,0.1,81,81,81,71
168,0.8142,0.6331,0.7099,0.5712,421,1718,172,316,RGCN,Cora,0.1,81,81,81,81
169,0.7956,0.5343,0.7404,0.4179,308,1782,108,429,RGCN,Cora,0.1,81,81,81,91
170,0.8104,0.6187,0.71,0.5482,404,1725,165,333,RGCN,Cora,0.1,81,81,81,101
171,0.8222,0.6273,0.7616,0.5332,393,1767,123,344,RGCN,Cora,0.1,81,81,81,111
172,0.8078,0.5083,0.9,0.3541,261,1861,29,476,RGCN,Cora,0.1,81,81,81,121
173,0.8089,0.5164,0.8904,0.3636,268,1857,33,469,RGCN,Cora,0.1,81,81,81,131
174,0.7842,0.405,0.8935,0.2619,193,1867,23,544,RGCN,Cora,0.1,81,81,81,141
175,0.8207,0.5894,0.8244,0.4586,338,1818,72,399,RGCN,Cora,0.1,81,81,81,151
176,0.8337,0.6349,0.8261,0.5156,380,1810,80,357,RGCN,Cora,0.1,81,81,81,161
177,0.815,0.5846,0.7898,0.464,342,1799,91,395,RGCN,Cora,0.1,81,81,81,171
178,0.8116,0.5352,0.8689,0.3867,285,1847,43,452,RGCN,Cora,0.1,81,81,81,181
179,0.775,0.3583,0.8967,0.2239,165,1871,19,572,RGCN,Cora,0.1,81,81,81,191
180,0.4469,0.4304,0.3026,0.7449,549,625,1265,188,RGCN,Cora,0.1,81,81,91,1
181,0.8104,0.6662,0.6583,0.6744,497,1632,258,240,RGCN,Cora,0.1,81,81,91,11
182,0.7804,0.4349,0.7817,0.3012,222,1828,62,515,RGCN,Cora,0.1,81,81,91,21
183,0.7994,0.6388,0.6454,0.6323,466,1634,256,271,RGCN,Cora,0.1,81,81,91,31
184,0.8123,0.6181,0.7202,0.5414,399,1735,155,338,RGCN,Cora,0.1,81,81,91,41
185,0.8177,0.5689,0.8449,0.4288,316,1832,58,421,RGCN,Cora,0.1,81,81,91,51
186,0.8268,0.6224,0.8013,0.5088,375,1797,93,362,RGCN,Cora,0.1,81,81,91,61
187,0.8104,0.5677,0.788,0.4437,327,1802,88,410,RGCN,Cora,0.1,81,81,91,71
188,0.8428,0.6811,0.7903,0.5984,441,1773,117,296,RGCN,Cora,0.1,81,81,91,81
189,0.8032,0.5437,0.7778,0.4179,308,1802,88,429,RGCN,Cora,0.1,81,81,91,91
190,0.8051,0.5115,0.8617,0.3636,268,1847,43,469,RGCN,Cora,0.1,81,81,91,101
191,0.8329,0.6502,0.7876,0.5536,408,1780,110,329,RGCN,Cora,0.1,81,81,91,111
192,0.81,0.5384,0.8459,0.3948,291,1837,53,446,RGCN,Cora,0.1,81,81,91,121
193,0.8059,0.5234,0.8408,0.3799,280,1837,53,457,RGCN,Cora,0.1,81,81,91,131
194,0.7937,0.4686,0.8445,0.3243,239,1846,44,498,RGCN,Cora,0.1,81,81,91,141
195,0.8142,0.5564,0.843,0.4152,306,1833,57,431,RGCN,Cora,0.1,81,81,91,151
196,0.7925,0.4456,0.8902,0.2972,219,1863,27,518,RGCN,Cora,0.1,81,81,91,161
197,0.8024,0.5081,0.8428,0.3636,268,1840,50,469,RGCN,Cora,0.1,81,81,91,171
198,0.7929,0.4449,0.8971,0.2958,218,1865,25,519,RGCN,Cora,0.1,81,81,91,181
199,0.759,0.2631,0.9262,0.1533,113,1881,9,624,RGCN,Cora,0.1,81,81,91,191
200,0.6757,0.4959,0.4397,0.5685,419,1356,534,318,RGCN,Cora,0.1,81,81,101,1
201,0.7263,0.621,0.5078,0.7992,589,1319,571,148,RGCN,Cora,0.1,81,81,101,11
202,0.7998,0.6033,0.6791,0.5427,400,1701,189,337,RGCN,Cora,0.1,81,81,101,21
203,0.783,0.4732,0.742,0.3474,256,1801,89,481,RGCN,Cora,0.1,81,81,101,31
204,0.8325,0.6901,0.7174,0.6649,490,1697,193,247,RGCN,Cora,0.1,81,81,101,41
205,0.8317,0.6335,0.8145,0.5183,382,1803,87,355,RGCN,Cora,0.1,81,81,101,51
206,0.8135,0.5798,0.7879,0.4586,338,1799,91,399,RGCN,Cora,0.1,81,81,101,61
207,0.8245,0.6583,0.7255,0.6024,444,1722,168,293,RGCN,Cora,0.1,81,81,101,71
208,0.8066,0.5504,0.7913,0.422,311,1808,82,426,RGCN,Cora,0.1,81,81,101,81
209,0.7982,0.5111,0.7983,0.3758,277,1820,70,460,RGCN,Cora,0.1,81,81,101,91
210,0.7796,0.4086,0.8264,0.2714,200,1848,42,537,RGCN,Cora,0.1,81,81,101,101
211,0.8002,0.5143,0.8081,0.3772,278,1824,66,459,RGCN,Cora,0.1,81,81,101,111
212,0.8131,0.5449,0.8596,0.3989,294,1842,48,443,RGCN,Cora,0.1,81,81,101,121
213,0.8059,0.5198,0.8492,0.3745,276,1841,49,461,RGCN,Cora,0.1,81,81,101,131
214,0.7853,0.4025,0.9179,0.2578,190,1873,17,547,RGCN,Cora,0.1,81,81,101,141
215,0.8173,0.5782,0.8204,0.4464,329,1818,72,408,RGCN,Cora,0.1,81,81,101,151
216,0.8009,0.4754,0.9115,0.3216,237,1867,23,500,RGCN,Cora,0.1,81,81,101,161
217,0.7998,0.4913,0.8552,0.3446,254,1847,43,483,RGCN,Cora,0.1,81,81,101,171
218,0.799,0.4844,0.8641,0.3365,248,1851,39,489,RGCN,Cora,0.1,81,81,101,181
219,0.7823,0.3915,0.9064,0.2497,184,1871,19,553,RGCN,Cora,0.1,81,81,101,191
220,0.531,0.3901,0.3071,0.5346,394,1001,889,343,RGCN,Cora,0.1,81,81,111,1
221,0.7446,0.6008,0.535,0.6852,505,1451,439,232,RGCN,Cora,0.1,81,81,111,11
222,0.7716,0.5726,0.6027,0.5455,402,1625,265,335,RGCN,Cora,0.1,81,81,111,21
223,0.7735,0.4103,0.761,0.2809,207,1825,65,530,RGCN,Cora,0.1,81,81,111,31
224,0.7819,0.5784,0.6318,0.5332,393,1661,229,344,RGCN,Cora,0.1,81,81,111,41
225,0.8169,0.5878,0.7977,0.4654,343,1803,87,394,RGCN,Cora,0.1,81,81,111,51
226,0.8264,0.6231,0.797,0.5115,377,1794,96,360,RGCN,Cora,0.1,81,81,111,61
227,0.8283,0.6528,0.7544,0.5753,424,1752,138,313,RGCN,Cora,0.1,81,81,111,71
228,0.8154,0.6041,0.7582,0.502,370,1772,118,367,RGCN,Cora,0.1,81,81,111,81
229,0.8272,0.6025,0.8494,0.4668,344,1829,61,393,RGCN,Cora,0.1,81,81,111,91
230,0.7819,0.4218,0.8228,0.2836,209,1845,45,528,RGCN,Cora,0.1,81,81,111,101
231,0.8085,0.5168,0.8849,0.365,269,1855,35,468,RGCN,Cora,0.1,81,81,111,111
232,0.8375,0.6366,0.8539,0.5075,374,1826,64,363,RGCN,Cora,0.1,81,81,111,121
233,0.8085,0.5373,0.8343,0.3962,292,1832,58,445,RGCN,Cora,0.1,81,81,111,131
234,0.7876,0.4486,0.8255,0.308,227,1842,48,510,RGCN,Cora,0.1,81,81,111,141
235,0.7895,0.4562,0.8286,0.3148,232,1842,48,505,RGCN,Cora,0.1,81,81,111,151
236,0.7682,0.3211,0.9,0.1954,144,1874,16,593,RGCN,Cora,0.1,81,81,111,161
237,0.7876,0.4341,0.8594,0.2904,214,1855,35,523,RGCN,Cora,0.1,81,81,111,171
238,0.7781,0.3711,0.9053,0.2334,172,1872,18,565,RGCN,Cora,0.1,81,81,111,181
239,0.8196,0.5768,0.8433,0.4383,323,1830,60,414,RGCN,Cora,0.1,81,81,111,191
240,0.378,0.4299,0.2893,0.8358,616,377,1513,121,RGCN,Cora,0.1,81,81,121,1
241,0.641,0.1618,0.2345,0.1235,91,1593,297,646,RGCN,Cora,0.1,81,81,121,11
242,0.7777,0.4622,0.7192,0.3406,251,1792,98,486,RGCN,Cora,0.1,81,81,121,21
243,0.8013,0.5429,0.7654,0.4206,310,1795,95,427,RGCN,Cora,0.1,81,81,121,31
244,0.7929,0.5318,0.7271,0.4193,309,1774,116,428,RGCN,Cora,0.1,81,81,121,41
245,0.8108,0.6002,0.7372,0.5061,373,1757,133,364,RGCN,Cora,0.1,81,81,121,51
246,0.7842,0.4279,0.8346,0.2877,212,1848,42,525,RGCN,Cora,0.1,81,81,121,61
247,0.8222,0.595,0.8245,0.4654,343,1817,73,394,RGCN,Cora,0.1,81,81,121,71
248,0.8002,0.5098,0.8174,0.3704,273,1829,61,464,RGCN,Cora,0.1,81,81,121,81
249,0.7998,0.4782,0.8893,0.327,241,1860,30,496,RGCN,Cora,0.1,81,81,121,91
250,0.8013,0.5314,0.7851,0.4016,296,1809,81,441,RGCN,Cora,0.1,81,81,121,101
251,0.8158,0.5477,0.8799,0.3976,293,1850,40,444,RGCN,Cora,0.1,81,81,121,111
252,0.8291,0.6224,0.8186,0.502,370,1808,82,367,RGCN,Cora,0.1,81,81,121,121
253,0.8047,0.5043,0.8758,0.3541,261,1853,37,476,RGCN,Cora,0.1,81,81,121,131
254,0.7971,0.4643,0.8953,0.3134,231,1863,27,506,RGCN,Cora,0.1,81,81,121,141
255,0.8002,0.4734,0.9077,0.3202,236,1866,24,501,RGCN,Cora,0.1,81,81,121,151
256,0.7922,0.4485,0.8775,0.3012,222,1859,31,515,RGCN,Cora,0.1,81,81,121,161
257,0.7625,0.286,0.9124,0.1696,125,1878,12,612,RGCN,Cora,0.1,81,81,121,171
258,0.7929,0.4472,0.8907,0.2985,220,1863,27,517,RGCN,Cora,0.1,81,81,121,181
259,0.7811,0.3928,0.8857,0.2524,186,1866,24,551,RGCN,Cora,0.1,81,81,121,191
260,0.3772,0.2591,0.1944,0.3881,286,705,1185,451,RGCN,Cora,0.1,81,81,131,1
261,0.7922,0.481,0.8032,0.3433,253,1828,62,484,RGCN,Cora,0.1,81,81,131,11
262,0.7838,0.5966,0.6259,0.5699,420,1639,251,317,RGCN,Cora,0.1,81,81,131,21
263,0.783,0.5815,0.6336,0.5373,396,1661,229,341,RGCN,Cora,0.1,81,81,131,31
264,0.7941,0.571,0.687,0.4885,360,1726,164,377,RGCN,Cora,0.1,81,81,131,41
265,0.8222,0.632,0.7538,0.5441,401,1759,131,336,RGCN,Cora,0.1,81,81,131,51
266,0.7937,0.5719,0.6843,0.4912,362,1723,167,375,RGCN,Cora,0.1,81,81,131,61
267,0.8059,0.5243,0.8388,0.3813,281,1836,54,456,RGCN,Cora,0.1,81,81,131,71
268,0.8093,0.5416,0.8315,0.4016,296,1830,60,441,RGCN,Cora,0.1,81,81,131,81
269,0.8085,0.5553,0.797,0.4261,314,1810,80,423,RGCN,Cora,0.1,81,81,131,91
270,0.799,0.4903,0.8495,0.3446,254,1845,45,483,RGCN,Cora,0.1,81,81,131,101
271,0.7807,0.4012,0.8578,0.2619,193,1858,32,544,RGCN,Cora,0.1,81,81,131,111
272,0.8055,0.5229,0.8383,0.3799,280,1836,54,457,RGCN,Cora,0.1,81,81,131,121
273,0.7872,0.4195,0.8938,0.2741,202,1866,24,535,RGCN,Cora,0.1,81,81,131,131
274,0.799,0.4699,0.9035,0.3175,234,1865,25,503,RGCN,Cora,0.1,81,81,131,141
275,0.7948,0.4637,0.8694,0.3161,233,1855,35,504,RGCN,Cora,0.1,81,81,131,151
276,0.8146,0.5834,0.7894,0.4627,341,1799,91,396,RGCN,Cora,0.1,81,81,131,161
277,0.823,0.5845,0.856,0.4437,327,1835,55,410,RGCN,Cora,0.1,81,81,131,171
278,0.7785,0.3728,0.9058,0.2347,173,1872,18,564,RGCN,Cora,0.1,81,81,131,181
279,0.7899,0.4298,0.9004,0.2822,208,1867,23,529,RGCN,Cora,0.1,81,81,131,191
280,0.3647,0.3563,0.2489,0.6269,462,496,1394,275,RGCN,Cora,0.1,81,81,141,1
281,0.7564,0.3522,0.6932,0.2361,174,1813,77,563,RGCN,Cora,0.1,81,81,141,11
282,0.8081,0.6456,0.6701,0.6228,459,1664,226,278,RGCN,Cora,0.1,81,81,141,21
283,0.8523,0.7298,0.7496,0.711,524,1715,175,213,RGCN,Cora,0.1,81,81,141,31
284,0.7941,0.6083,0.6522,0.5699,420,1666,224,317,RGCN,Cora,0.1,81,81,141,41
285,0.826,0.6444,0.7555,0.5617,414,1756,134,323,RGCN,Cora,0.1,81,81,141,51
286,0.8192,0.5646,0.8701,0.4179,308,1844,46,429,RGCN,Cora,0.1,81,81,141,61
287,0.8036,0.4911,0.8989,0.3379,249,1862,28,488,RGCN,Cora,0.1,81,81,141,71
288,0.8222,0.5985,0.8169,0.4722,348,1812,78,389,RGCN,Cora,0.1,81,81,141,81
289,0.8005,0.4971,0.8492,0.3514,259,1844,46,478,RGCN,Cora,0.1,81,81,141,91
290,0.7979,0.482,0.8576,0.3351,247,1849,41,490,RGCN,Cora,0.1,81,81,141,101
291,0.807,0.523,0.8528,0.3772,278,1842,48,459,RGCN,Cora,0.1,81,81,141,111
292,0.8002,0.508,0.8212,0.3677,271,1831,59,466,RGCN,Cora,0.1,81,81,141,121
293,0.8066,0.5415,0.8086,0.4071,300,1819,71,437,RGCN,Cora,0.1,81,81,141,131
294,0.7906,0.4353,0.8945,0.2877,212,1865,25,525,RGCN,Cora,0.1,81,81,141,141
295,0.7918,0.4424,0.8893,0.2944,217,1863,27,520,RGCN,Cora,0.1,81,81,141,151
296,0.8112,0.5491,0.832,0.4098,302,1829,61,435,RGCN,Cora,0.1,81,81,141,161
297,0.7636,0.287,0.9328,0.1696,125,1881,9,612,RGCN,Cora,0.1,81,81,141,171
298,0.7922,0.4615,0.8448,0.3175,234,1847,43,503,RGCN,Cora,0.1,81,81,141,181
299,0.7693,0.3176,0.9338,0.1913,141,1880,10,596,RGCN,Cora,0.1,81,81,141,191
300,0.6745,0.4738,0.4336,0.5224,385,1387,503,352,RGCN,Cora,0.1,81,81,151,1
301,0.6783,0.4531,0.4332,0.4749,350,1432,458,387,RGCN,Cora,0.1,81,81,151,11
302,0.767,0.5995,0.579,0.6214,458,1557,333,279,RGCN,Cora,0.1,81,81,151,21
303,0.7587,0.4795,0.6071,0.3962,292,1701,189,445,RGCN,Cora,0.1,81,81,151,31
304,0.8104,0.637,0.6882,0.5929,437,1692,198,300,RGCN,Cora,0.1,81,81,151,41
305,0.8455,0.6803,0.8105,0.5862,432,1789,101,305,RGCN,Cora,0.1,81,81,151,51
306,0.8135,0.5679,0.8111,0.4369,322,1815,75,415,RGCN,Cora,0.1,81,81,151,61
307,0.7899,0.4535,0.8388,0.3107,229,1846,44,508,RGCN,Cora,0.1,81,81,151,71
308,0.823,0.6167,0.7857,0.5075,374,1788,102,363,RGCN,Cora,0.1,81,81,151,81
309,0.8112,0.5507,0.8283,0.4125,304,1827,63,433,RGCN,Cora,0.1,81,81,151,91
310,0.8272,0.6191,0.811,0.5007,369,1804,86,368,RGCN,Cora,0.1,81,81,151,101
311,0.775,0.3527,0.9148,0.2185,161,1875,15,576,RGCN,Cora,0.1,81,81,151,111
312,0.8116,0.5412,0.8538,0.3962,292,1840,50,445,RGCN,Cora,0.1,81,81,151,121
313,0.8104,0.5585,0.8056,0.4274,315,1814,76,422,RGCN,Cora,0.1,81,81,151,131
314,0.8066,0.5296,0.8338,0.3881,286,1833,57,451,RGCN,Cora,0.1,81,81,151,141
315,0.8104,0.5302,0.87,0.3813,281,1848,42,456,RGCN,Cora,0.1,81,81,151,151
316,0.7982,0.4824,0.8606,0.3351,247,1850,40,490,RGCN,Cora,0.1,81,81,151,161
317,0.7971,0.4738,0.8696,0.3256,240,1854,36,497,RGCN,Cora,0.1,81,81,151,171
318,0.7781,0.3791,0.8812,0.2415,178,1866,24,559,RGCN,Cora,0.1,81,81,151,181
319,0.7819,0.4013,0.8727,0.2605,192,1862,28,545,RGCN,Cora,0.1,81,81,151,191
320,0.453,0.2543,0.2059,0.3324,245,945,945,492,RGCN,Cora,0.1,81,81,161,1
321,0.7476,0.4614,0.5749,0.3853,284,1680,210,453,RGCN,Cora,0.1,81,81,161,11
322,0.6913,0.4682,0.453,0.4844,357,1459,431,380,RGCN,Cora,0.1,81,81,161,21
323,0.7918,0.614,0.6397,0.5902,435,1645,245,302,RGCN,Cora,0.1,81,81,161,31
324,0.7944,0.4675,0.8556,0.3216,237,1850,40,500,RGCN,Cora,0.1,81,81,161,41
325,0.8169,0.5671,0.8422,0.4274,315,1831,59,422,RGCN,Cora,0.1,81,81,161,51
326,0.8135,0.5875,0.7738,0.4735,349,1788,102,388,RGCN,Cora,0.1,81,81,161,61
327,0.7868,0.4422,0.8315,0.3012,222,1845,45,515,RGCN,Cora,0.1,81,81,161,71
328,0.7963,0.553,0.7196,0.4491,331,1761,129,406,RGCN,Cora,0.1,81,81,161,81
329,0.7864,0.444,0.8235,0.3039,224,1842,48,513,RGCN,Cora,0.1,81,81,161,91
330,0.8241,0.5947,0.8412,0.46,339,1826,64,398,RGCN,Cora,0.1,81,81,161,101
331,0.7971,0.4728,0.8723,0.3243,239,1855,35,498,RGCN,Cora,0.1,81,81,161,111
332,0.7823,0.4115,0.8511,0.2714,200,1855,35,537,RGCN,Cora,0.1,81,81,161,121
333,0.783,0.4062,0.8744,0.2646,195,1862,28,542,RGCN,Cora,0.1,81,81,161,131
334,0.796,0.4661,0.8764,0.3175,234,1857,33,503,RGCN,Cora,0.1,81,81,161,141
335,0.7899,0.4447,0.8599,0.2999,221,1854,36,516,RGCN,Cora,0.1,81,81,161,151
336,0.796,0.4542,0.9102,0.3026,223,1868,22,514,RGCN,Cora,0.1,81,81,161,161
337,0.7598,0.2739,0.9015,0.1615,119,1877,13,618,RGCN,Cora,0.1,81,81,161,171
338,0.7689,0.3248,0.9012,0.1981,146,1874,16,591,RGCN,Cora,0.1,81,81,161,181
339,0.7701,0.3406,0.8715,0.2117,156,1867,23,581,RGCN,Cora,0.1,81,81,161,191
340,0.5657,0.3284,0.29,0.3786,279,1207,683,458,RGCN,Cora,0.1,81,81,171,1
341,0.7499,0.3565,0.6408,0.2469,182,1788,102,555,RGCN,Cora,0.1,81,81,171,11
342,0.7792,0.5504,0.642,0.4817,355,1692,198,382,RGCN,Cora,0.1,81,81,171,21
343,0.7712,0.5257,0.6283,0.4518,333,1693,197,404,RGCN,Cora,0.1,81,81,171,31
344,0.7933,0.6195,0.6406,0.5997,442,1642,248,295,RGCN,Cora,0.1,81,81,171,41
345,0.8066,0.5923,0.725,0.5007,369,1750,140,368,RGCN,Cora,0.1,81,81,171,51
346,0.8211,0.6264,0.7562,0.5346,394,1763,127,343,RGCN,Cora,0.1,81,81,171,61
347,0.7998,0.5139,0.8058,0.3772,278,1823,67,459,RGCN,Cora,0.1,81,81,171,71
348,0.8005,0.513,0.8142,0.3745,276,1827,63,461,RGCN,Cora,0.1,81,81,171,81
349,0.8009,0.4888,0.8741,0.3392,250,1854,36,487,RGCN,Cora,0.1,81,81,171,91
350,0.8017,0.5233,0.8034,0.3881,286,1820,70,451,RGCN,Cora,0.1,81,81,171,101
351,0.8207,0.5943,0.8137,0.4681,345,1811,79,392,RGCN,Cora,0.1,81,81,171,111
352,0.8188,0.604,0.7806,0.4925,363,1788,102,374,RGCN,Cora,0.1,81,81,171,121
353,0.7724,0.3486,0.884,0.2171,160,1869,21,577,RGCN,Cora,0.1,81,81,171,131
354,0.7853,0.4174,0.8745,0.2741,202,1861,29,535,RGCN,Cora,0.1,81,81,171,141
355,0.7819,0.3937,0.8942,0.2524,186,1868,22,551,RGCN,Cora,0.1,81,81,171,151
356,0.7975,0.4774,0.8648,0.3297,243,1852,38,494,RGCN,Cora,0.1,81,81,171,161
357,0.7758,0.3701,0.8737,0.2347,173,1865,25,564,RGCN,Cora,0.1,81,81,171,171
358,0.7872,0.4255,0.8771,0.2809,207,1861,29,530,RGCN,Cora,0.1,81,81,171,181
359,0.7746,0.3509,0.9143,0.2171,160,1875,15,577,RGCN,Cora,0.1,81,81,171,191
360,0.4823,0.4257,0.309,0.6839,504,763,1127,233,RGCN,Cora,0.1,81,81,181,1
361,0.7682,0.5558,0.6009,0.517,381,1637,253,356,RGCN,Cora,0.1,81,81,181,11
362,0.8017,0.6074,0.6831,0.5468,403,1703,187,334,RGCN,Cora,0.1,81,81,181,21
363,0.7701,0.4428,0.6916,0.3256,240,1783,107,497,RGCN,Cora,0.1,81,81,181,31
364,0.7853,0.4587,0.7836,0.3243,239,1824,66,498,RGCN,Cora,0.1,81,81,181,41
365,0.8268,0.5912,0.875,0.4464,329,1843,47,408,RGCN,Cora,0.1,81,81,181,51
366,0.8257,0.6439,0.7541,0.5617,414,1755,135,323,RGCN,Cora,0.1,81,81,181,61
367,0.7944,0.4915,0.8031,0.3541,261,1826,64,476,RGCN,Cora,0.1,81,81,181,71
368,0.807,0.5257,0.8464,0.3813,281,1839,51,456,RGCN,Cora,0.1,81,81,181,81
369,0.7868,0.4366,0.8444,0.2944,217,1850,40,520,RGCN,Cora,0.1,81,81,181,91
370,0.8062,0.5451,0.7984,0.4138,305,1813,77,432,RGCN,Cora,0.1,81,81,181,101
371,0.7979,0.482,0.8576,0.3351,247,1849,41,490,RGCN,Cora,0.1,81,81,181,111
372,0.791,0.4726,0.8092,0.3338,246,1832,58,491,RGCN,Cora,0.1,81,81,181,121
373,0.81,0.5349,0.8542,0.3894,287,1841,49,450,RGCN,Cora,0.1,81,81,181,131
374,0.7899,0.4513,0.8439,0.308,227,1848,42,510,RGCN,Cora,0.1,81,81,181,141
375,0.7868,0.4366,0.8444,0.2944,217,1850,40,520,RGCN,Cora,0.1,81,81,181,151
376,0.7739,0.3487,0.9086,0.2157,159,1874,16,578,RGCN,Cora,0.1,81,81,181,161
377,0.7853,0.4257,0.8531,0.2836,209,1854,36,528,RGCN,Cora,0.1,81,81,181,171
378,0.7842,0.4232,0.8455,0.2822,208,1852,38,529,RGCN,Cora,0.1,81,81,181,181
379,0.7834,0.4223,0.8387,0.2822,208,1850,40,529,RGCN,Cora,0.1,81,81,181,191
380,0.6662,0.331,0.378,0.2944,217,1533,357,520,RGCN,Cora,0.1,81,81,191,1
381,0.7842,0.5022,0.7114,0.3881,286,1774,116,451,RGCN,Cora,0.1,81,81,191,11
382,0.7663,0.5024,0.6237,0.4206,310,1703,187,427,RGCN,Cora,0.1,81,81,191,21
383,0.7941,0.4986,0.7865,0.365,269,1817,73,468,RGCN,Cora,0.1,81,81,191,31
384,0.8032,0.5989,0.6993,0.5237,386,1724,166,351,RGCN,Cora,0.1,81,81,191,41
385,0.7868,0.4928,0.7411,0.3691,272,1795,95,465,RGCN,Cora,0.1,81,81,191,51
386,0.8161,0.5965,0.7761,0.4844,357,1787,103,380,RGCN,Cora,0.1,81,81,191,61
387,0.8184,0.5707,0.8476,0.4301,317,1833,57,420,RGCN,Cora,0.1,81,81,191,71
388,0.8089,0.5411,0.8291,0.4016,296,1829,61,441,RGCN,Cora,0.1,81,81,191,81
389,0.7914,0.4791,0.8,0.3419,252,1827,63,485,RGCN,Cora,0.1,81,81,191,91
390,0.7613,0.2818,0.9044,0.1669,123,1877,13,614,RGCN,Cora,0.1,81,81,191,101
391,0.7948,0.4721,0.8486,0.327,241,1847,43,496,RGCN,Cora,0.1,81,81,191,111
392,0.7906,0.4456,0.8667,0.2999,221,1856,34,516,RGCN,Cora,0.1,81,81,191,121
393,0.8043,0.5336,0.8055,0.3989,294,1819,71,443,RGCN,Cora,0.1,81,81,191,131
394,0.7963,0.49,0.8237,0.3487,257,1835,55,480,RGCN,Cora,0.1,81,81,191,141
395,0.7686,0.3362,0.8603,0.209,154,1865,25,583,RGCN,Cora,0.1,81,81,191,151
396,0.7644,0.2974,0.9097,0.1777,131,1877,13,606,RGCN,Cora,0.1,81,81,191,161
397,0.7731,0.3578,0.8691,0.2252,166,1865,25,571,RGCN,Cora,0.1,81,81,191,171
398,0.7549,0.2529,0.872,0.1479,109,1874,16,628,RGCN,Cora,0.1,81,81,191,181
399,0.7739,0.3501,0.904,0.2171,160,1873,17,577,RGCN,Cora,0.1,81,81,191,191
400,0.4739,0.4266,0.3072,0.6974,514,731,1159,223,GCN,Cora,0.1,81,81,1,1
401,0.7195,0.0,0.0,0.0,0,1890,0,737,GCN,Cora,0.1,81,81,1,11
402,0.7195,0.0,0.0,0.0,0,1890,0,737,GCN,Cora,0.1,81,81,1,21
403,0.7195,0.0,0.0,0.0,0,1890,0,737,GCN,Cora,0.1,81,81,1,31
404,0.7195,0.0,0.0,0.0,0,1890,0,737,GCN,Cora,0.1,81,81,1,41
405,0.7195,0.0,0.0,0.0,0,1890,0,737,GCN,Cora,0.1,81,81,1,51
406,0.7195,0.0,0.0,0.0,0,1890,0,737,GCN,Cora,0.1,81,81,1,61
407,0.7195,0.0,0.0,0.0,0,1890,0,737,GCN,Cora,0.1,81,81,1,71
408,0.7195,0.0,0.0,0.0,0,1890,0,737,GCN,Cora,0.1,81,81,1,81
409,0.7195,0.0,0.0,0.0,0,1890,0,737,GCN,Cora,0.1,81,81,1,91
410,0.7195,0.0,0.0,0.0,0,1890,0,737,GCN,Cora,0.1,81,81,1,101
411,0.7195,0.0,0.0,0.0,0,1890,0,737,GCN,Cora,0.1,81,81,1,111
412,0.7195,0.0,0.0,0.0,0,1890,0,737,GCN,Cora,0.1,81,81,1,121
413,0.7195,0.0,0.0,0.0,0,1890,0,737,GCN,Cora,0.1,81,81,1,131
414,0.7195,0.0,0.0,0.0,0,1890,0,737,GCN,Cora,0.1,81,81,1,141
415,0.7195,0.0,0.0,0.0,0,1890,0,737,GCN,Cora,0.1,81,81,1,151
416,0.7195,0.0,0.0,0.0,0,1890,0,737,GCN,Cora,0.1,81,81,1,161
417,0.7195,0.0,0.0,0.0,0,1890,0,737,GCN,Cora,0.1,81,81,1,171
418,0.7195,0.0,0.0,0.0,0,1890,0,737,GCN,Cora,0.1,81,81,1,181
419,0.7195,0.0,0.0,0.0,0,1890,0,737,GCN,Cora,0.1,81,81,1,191
420,0.2878,0.3856,0.2543,0.7965,587,169,1721,150,GCN,Cora,0.1,81,81,11,1
421,0.7244,0.0372,0.9333,0.019,14,1889,1,723,GCN,Cora,0.1,81,81,11,11
422,0.7195,0.0,0.0,0.0,0,1890,0,737,GCN,Cora,0.1,81,81,11,21
423,0.7195,0.0,0.0,0.0,0,1890,0,737,GCN,Cora,0.1,81,81,11,31
424,0.7195,0.0,0.0,0.0,0,1890,0,737,GCN,Cora,0.1,81,81,11,41
425,0.7195,0.0,0.0,0.0,0,1890,0,737,GCN,Cora,0.1,81,81,11,51
426,0.7195,0.0,0.0,0.0,0,1890,0,737,GCN,Cora,0.1,81,81,11,61
427,0.7195,0.0,0.0,0.0,0,1890,0,737,GCN,Cora,0.1,81,81,11,71
428,0.7195,0.0,0.0,0.0,0,1890,0,737,GCN,Cora,0.1,81,81,11,81
429,0.7195,0.0,0.0,0.0,0,1890,0,737,GCN,Cora,0.1,81,81,11,91
430,0.7202,0.0054,1.0,0.0027,2,1890,0,735,GCN,Cora,0.1,81,81,11,101
431,0.7195,0.0,0.0,0.0,0,1890,0,737,GCN,Cora,0.1,81,81,11,111
432,0.7195,0.0,0.0,0.0,0,1890,0,737,GCN,Cora,0.1,81,81,11,121
433,0.7195,0.0,0.0,0.0,0,1890,0,737,GCN,Cora,0.1,81,81,11,131
434,0.7195,0.0,0.0,0.0,0,1890,0,737,GCN,Cora,0.1,81,81,11,141
435,0.7195,0.0,0.0,0.0,0,1890,0,737,GCN,Cora,0.1,81,81,11,151
436,0.7195,0.0,0.0,0.0,0,1890,0,737,GCN,Cora,0.1,81,81,11,161
437,0.7195,0.0,0.0,0.0,0,1890,0,737,GCN,Cora,0.1,81,81,11,171
438,0.7195,0.0,0.0,0.0,0,1890,0,737,GCN,Cora,0.1,81,81,11,181
439,0.7195,0.0,0.0,0.0,0,1890,0,737,GCN,Cora,0.1,81,81,11,191
440,0.5542,0.1162,0.131,0.1045,77,1379,511,660,GCN,Cora,0.1,81,81,21,1
441,0.7689,0.3697,0.7876,0.2415,178,1842,48,559,GCN,Cora,0.1,81,81,21,11
442,0.839,0.6382,0.8634,0.5061,373,1831,59,364,GCN,Cora,0.1,81,81,21,21
443,0.7884,0.4473,0.8364,0.3053,225,1846,44,512,GCN,Cora,0.1,81,81,21,31
444,0.7282,0.0605,1.0,0.0312,23,1890,0,714,GCN,Cora,0.1,81,81,21,41
445,0.7195,0.0,0.0,0.0,0,1890,0,737,GCN,Cora,0.1,81,81,21,51
446,0.7286,0.0728,0.875,0.038,28,1886,4,709,GCN,Cora,0.1,81,81,21,61
447,0.7332,0.107,0.875,0.057,42,1884,6,695,GCN,Cora,0.1,81,81,21,71
448,0.7431,0.1718,0.8974,0.095,70,1882,8,667,GCN,Cora,0.1,81,81,21,81
449,0.7202,0.0081,0.75,0.0041,3,1889,1,734,GCN,Cora,0.1,81,81,21,91
450,0.7198,0.0027,1.0,0.0014,1,1890,0,736,GCN,Cora,0.1,81,81,21,101
451,0.7221,0.0188,1.0,0.0095,7,1890,0,730,GCN,Cora,0.1,81,81,21,111
452,0.7195,0.0,0.0,0.0,0,1890,0,737,GCN,Cora,0.1,81,81,21,121
453,0.721,0.0108,1.0,0.0054,4,1890,0,733,GCN,Cora,0.1,81,81,21,131
454,0.7214,0.0135,1.0,0.0068,5,1890,0,732,GCN,Cora,0.1,81,81,21,141
455,0.7271,0.0528,1.0,0.0271,20,1890,0,717,GCN,Cora,0.1,81,81,21,151
456,0.7195,0.0,0.0,0.0,0,1890,0,737,GCN,Cora,0.1,81,81,21,161
457,0.7244,0.0347,1.0,0.0176,13,1890,0,724,GCN,Cora,0.1,81,81,21,171
458,0.7217,0.0162,1.0,0.0081,6,1890,0,731,GCN,Cora,0.1,81,81,21,181
459,0.721,0.0108,1.0,0.0054,4,1890,0,733,GCN,Cora,0.1,81,81,21,191
460,0.6372,0.5389,0.4188,0.7558,557,1117,773,180,GCN,Cora,0.1,81,81,31,1
461,0.7998,0.6862,0.6124,0.7802,575,1526,364,162,GCN,Cora,0.1,81,81,31,11
462,0.8024,0.6452,0.6501,0.6404,472,1636,254,265,GCN,Cora,0.1,81,81,31,21
463,0.8051,0.6784,0.6316,0.7327,540,1575,315,197,GCN,Cora,0.1,81,81,31,31
464,0.6993,0.2779,0.4258,0.2062,152,1685,205,585,GCN,Cora,0.1,81,81,31,41
465,0.8219,0.6226,0.7674,0.5237,386,1773,117,351,GCN,Cora,0.1,81,81,31,51
466,0.8283,0.6005,0.8648,0.46,339,1837,53,398,GCN,Cora,0.1,81,81,31,61
467,0.8295,0.6229,0.8204,0.502,370,1809,81,367,GCN,Cora,0.1,81,81,31,71
468,0.7895,0.4258,0.9071,0.2782,205,1869,21,532,GCN,Cora,0.1,81,81,31,81
469,0.7606,0.2745,0.9154,0.1615,119,1879,11,618,GCN,Cora,0.1,81,81,31,91
470,0.8002,0.4637,0.938,0.308,227,1875,15,510,GCN,Cora,0.1,81,81,31,101
471,0.826,0.5811,0.8955,0.4301,317,1853,37,420,GCN,Cora,0.1,81,81,31,111
472,0.8002,0.467,0.9274,0.3121,230,1872,18,507,GCN,Cora,0.1,81,81,31,121
473,0.7727,0.33,0.9545,0.1995,147,1883,7,590,GCN,Cora,0.1,81,81,31,131
474,0.729,0.0705,0.931,0.0366,27,1888,2,710,GCN,Cora,0.1,81,81,31,141
475,0.7941,0.4335,0.9495,0.2809,207,1879,11,530,GCN,Cora,0.1,81,81,31,151
476,0.8078,0.4985,0.9296,0.3406,251,1871,19,486,GCN,Cora,0.1,81,81,31,161
477,0.799,0.4656,0.9163,0.3121,230,1869,21,507,GCN,Cora,0.1,81,81,31,171
478,0.7815,0.3734,0.9553,0.232,171,1882,8,566,GCN,Cora,0.1,81,81,31,181
479,0.7293,0.0706,0.9643,0.0366,27,1889,1,710,GCN,Cora,0.1,81,81,31,191
480,0.4743,0.3015,0.2403,0.4043,298,948,942,439,GCN,Cora,0.1,81,81,41,1
481,0.5942,0.4025,0.3429,0.4871,359,1202,688,378,GCN,Cora,0.1,81,81,41,11
482,0.8146,0.686,0.6536,0.7218,532,1608,282,205,GCN,Cora,0.1,81,81,41,21
483,0.7541,0.6085,0.5498,0.6811,502,1479,411,235,GCN,Cora,0.1,81,81,41,31
484,0.8592,0.735,0.7785,0.6961,513,1744,146,224,GCN,Cora,0.1,81,81,41,41
485,0.877,0.7795,0.7843,0.7748,571,1733,157,166,GCN,Cora,0.1,81,81,41,51
486,0.818,0.6516,0.7039,0.6065,447,1702,188,290,GCN,Cora,0.1,81,81,41,61
487,0.8553,0.7086,0.8148,0.6269,462,1785,105,275,GCN,Cora,0.1,81,81,41,71
488,0.8474,0.6627,0.8717,0.5346,394,1832,58,343,GCN,Cora,0.1,81,81,41,81
489,0.8394,0.6608,0.8107,0.5577,411,1794,96,326,GCN,Cora,0.1,81,81,41,91
490,0.8295,0.5882,0.9117,0.4342,320,1859,31,417,GCN,Cora,0.1,81,81,41,101
491,0.7994,0.455,0.9565,0.2985,220,1880,10,517,GCN,Cora,0.1,81,81,41,111
492,0.8097,0.5098,0.9187,0.3528,260,1867,23,477,GCN,Cora,0.1,81,81,41,121
493,0.8268,0.5703,0.9379,0.4098,302,1870,20,435,GCN,Cora,0.1,81,81,41,131
494,0.8515,0.6739,0.878,0.5468,403,1834,56,334,GCN,Cora,0.1,81,81,41,141
495,0.8584,0.6874,0.9029,0.555,409,1846,44,328,GCN,Cora,0.1,81,81,41,151
496,0.7404,0.1517,0.9104,0.0828,61,1884,6,676,GCN,Cora,0.1,81,81,41,161
497,0.8439,0.6365,0.9182,0.4871,359,1858,32,378,GCN,Cora,0.1,81,81,41,171
498,0.8055,0.5082,0.8742,0.3582,264,1852,38,473,GCN,Cora,0.1,81,81,41,181
499,0.7796,0.3781,0.9072,0.2388,176,1872,18,561,GCN,Cora,0.1,81,81,41,191
500,0.7944,0.7059,0.5896,0.8792,648,1439,451,89,GCN,Cora,0.1,81,81,51,1
501,0.7214,0.592,0.5024,0.7205,531,1364,526,206,GCN,Cora,0.1,81,81,51,11
502,0.8592,0.7556,0.7362,0.7761,572,1685,205,165,GCN,Cora,0.1,81,81,51,21
503,0.6426,0.2658,0.3137,0.2307,170,1518,372,567,GCN,Cora,0.1,81,81,51,31
504,0.8565,0.725,0.7839,0.6744,497,1753,137,240,GCN,Cora,0.1,81,81,51,41
505,0.8531,0.7132,0.7882,0.6513,480,1761,129,257,GCN,Cora,0.1,81,81,51,51
506,0.855,0.6979,0.8397,0.597,440,1806,84,297,GCN,Cora,0.1,81,81,51,61
507,0.8717,0.7487,0.8311,0.6811,502,1788,102,235,GCN,Cora,0.1,81,81,51,71
508,0.8576,0.7087,0.8318,0.6174,455,1798,92,282,GCN,Cora,0.1,81,81,51,81
509,0.8595,0.6897,0.9071,0.5563,410,1848,42,327,GCN,Cora,0.1,81,81,51,91
510,0.8515,0.6803,0.8592,0.5631,415,1822,68,322,GCN,Cora,0.1,81,81,51,101
511,0.858,0.699,0.8625,0.5875,433,1821,69,304,GCN,Cora,0.1,81,81,51,111
512,0.8485,0.6539,0.9104,0.5102,376,1853,37,361,GCN,Cora,0.1,81,81,51,121
513,0.8409,0.6294,0.9079,0.4817,355,1854,36,382,GCN,Cora,0.1,81,81,51,131
514,0.8002,0.467,0.9274,0.3121,230,1872,18,507,GCN,Cora,0.1,81,81,51,141
515,0.8348,0.6076,0.9106,0.4559,336,1857,33,401,GCN,Cora,0.1,81,81,51,151
516,0.8245,0.5696,0.9132,0.4138,305,1861,29,432,GCN,Cora,0.1,81,81,51,161
517,0.8276,0.577,0.9251,0.4193,309,1865,25,428,GCN,Cora,0.1,81,81,51,171
518,0.8078,0.5167,0.8766,0.3664,270,1852,38,467,GCN,Cora,0.1,81,81,51,181
519,0.8337,0.6122,0.8846,0.4681,345,1845,45,392,GCN,Cora,0.1,81,81,51,191
520,0.6909,0.613,0.4724,0.8725,643,1172,718,94,GCN,Cora,0.1,81,81,61,1
521,0.7697,0.6418,0.5693,0.7354,542,1480,410,195,GCN,Cora,0.1,81,81,61,11
522,0.818,0.6975,0.6536,0.7476,551,1598,292,186,GCN,Cora,0.1,81,81,61,21
523,0.8409,0.7217,0.7085,0.7354,542,1667,223,195,GCN,Cora,0.1,81,81,61,31
524,0.8691,0.7557,0.7928,0.7218,532,1751,139,205,GCN,Cora,0.1,81,81,61,41
525,0.8641,0.7247,0.8393,0.6377,470,1800,90,267,GCN,Cora,0.1,81,81,61,51
526,0.8892,0.7767,0.894,0.6866,506,1830,60,231,GCN,Cora,0.1,81,81,61,61
527,0.8664,0.729,0.8459,0.6404,472,1804,86,265,GCN,Cora,0.1,81,81,61,71
528,0.8451,0.6542,0.875,0.5224,385,1835,55,352,GCN,Cora,0.1,81,81,61,81
529,0.8748,0.7463,0.8643,0.6567,484,1814,76,253,GCN,Cora,0.1,81,81,61,91
530,0.8576,0.7036,0.8457,0.6024,444,1809,81,293,GCN,Cora,0.1,81,81,61,101
531,0.858,0.6899,0.8906,0.5631,415,1839,51,322,GCN,Cora,0.1,81,81,61,111
532,0.7769,0.3857,0.8479,0.2497,184,1857,33,553,GCN,Cora,0.1,81,81,61,121
533,0.8375,0.6264,0.8818,0.4858,358,1842,48,379,GCN,Cora,0.1,81,81,61,131
534,0.8276,0.6105,0.8333,0.4817,355,1819,71,382,GCN,Cora,0.1,81,81,61,141
535,0.8375,0.6143,0.9189,0.4613,340,1860,30,397,GCN,Cora,0.1,81,81,61,151
536,0.842,0.6432,0.8779,0.5075,374,1838,52,363,GCN,Cora,0.1,81,81,61,161
537,0.8462,0.6541,0.8863,0.5183,382,1841,49,355,GCN,Cora,0.1,81,81,61,171
538,0.8477,0.6528,0.906,0.5102,376,1851,39,361,GCN,Cora,0.1,81,81,61,181
539,0.8314,0.5962,0.9083,0.4437,327,1857,33,410,GCN,Cora,0.1,81,81,61,191
540,0.5961,0.4852,0.3776,0.6784,500,1066,824,237,GCN,Cora,0.1,81,81,71,1
541,0.5999,0.4395,0.362,0.559,412,1164,726,325,GCN,Cora,0.1,81,81,71,11
542,0.737,0.5952,0.5237,0.6893,508,1428,462,229,GCN,Cora,0.1,81,81,71,21
543,0.8268,0.6807,0.7049,0.6581,485,1687,203,252,GCN,Cora,0.1,81,81,71,31
544,0.8592,0.7214,0.8105,0.6499,479,1778,112,258,GCN,Cora,0.1,81,81,71,41
545,0.8241,0.6568,0.7258,0.5997,442,1723,167,295,GCN,Cora,0.1,81,81,71,51
546,0.8569,0.7243,0.7879,0.6703,494,1757,133,243,GCN,Cora,0.1,81,81,71,61
547,0.8508,0.6834,0.8443,0.5739,423,1812,78,314,GCN,Cora,0.1,81,81,71,71
548,0.8649,0.7267,0.8399,0.6404,472,1800,90,265,GCN,Cora,0.1,81,81,71,81
549,0.8298,0.5918,0.905,0.4396,324,1856,34,413,GCN,Cora,0.1,81,81,71,91
550,0.8493,0.6694,0.8698,0.5441,401,1830,60,336,GCN,Cora,0.1,81,81,71,101
551,0.8188,0.5882,0.8115,0.4613,340,1811,79,397,GCN,Cora,0.1,81,81,71,111
552,0.8508,0.6787,0.8571,0.5617,414,1821,69,323,GCN,Cora,0.1,81,81,71,121
553,0.8614,0.7102,0.8593,0.6052,446,1817,73,291,GCN,Cora,0.1,81,81,71,131
554,0.8401,0.6398,0.8695,0.5061,373,1834,56,364,GCN,Cora,0.1,81,81,71,141
555,0.8314,0.6048,0.8828,0.46,339,1845,45,398,GCN,Cora,0.1,81,81,71,151
556,0.8633,0.704,0.8971,0.5794,427,1841,49,310,GCN,Cora,0.1,81,81,71,161
557,0.8329,0.5961,0.9257,0.4396,324,1864,26,413,GCN,Cora,0.1,81,81,71,171
558,0.8081,0.5145,0.887,0.3623,267,1856,34,470,GCN,Cora,0.1,81,81,71,181
559,0.8432,0.6442,0.886,0.5061,373,1842,48,364,GCN,Cora,0.1,81,81,71,191
560,0.4941,0.3951,0.2973,0.5889,434,864,1026,303,GCN,Cora,0.1,81,81,81,1
561,0.7175,0.5615,0.4974,0.6445,475,1410,480,262,GCN,Cora,0.1,81,81,81,11
562,0.745,0.5473,0.5451,0.5495,405,1552,338,332,GCN,Cora,0.1,81,81,81,21
563,0.858,0.7223,0.8003,0.6581,485,1769,121,252,GCN,Cora,0.1,81,81,81,31
564,0.8519,0.7187,0.7693,0.6744,497,1741,149,240,GCN,Cora,0.1,81,81,81,41
565,0.8462,0.7068,0.7598,0.6608,487,1736,154,250,GCN,Cora,0.1,81,81,81,51
566,0.8416,0.6579,0.8351,0.5427,400,1811,79,337,GCN,Cora,0.1,81,81,81,61
567,0.8622,0.7185,0.8415,0.6269,462,1803,87,275,GCN,Cora,0.1,81,81,81,71
568,0.8668,0.727,0.855,0.6323,466,1811,79,271,GCN,Cora,0.1,81,81,81,81
569,0.8649,0.7309,0.8282,0.654,482,1790,100,255,GCN,Cora,0.1,81,81,81,91
570,0.8515,0.705,0.7966,0.6323,466,1771,119,271,GCN,Cora,0.1,81,81,81,101
571,0.8729,0.7411,0.8644,0.6486,478,1815,75,259,GCN,Cora,0.1,81,81,81,111
572,0.85,0.6749,0.8611,0.555,409,1824,66,328,GCN,Cora,0.1,81,81,81,121
573,0.8451,0.665,0.8452,0.5482,404,1816,74,333,GCN,Cora,0.1,81,81,81,131
574,0.8199,0.5421,0.9459,0.3799,280,1874,16,457,GCN,Cora,0.1,81,81,81,141
575,0.8424,0.6455,0.8747,0.5115,377,1836,54,360,GCN,Cora,0.1,81,81,81,151
576,0.8546,0.6987,0.8343,0.6011,443,1802,88,294,GCN,Cora,0.1,81,81,81,161
577,0.8477,0.682,0.8234,0.5821,429,1798,92,308,GCN,Cora,0.1,81,81,81,171
578,0.8329,0.6005,0.9116,0.4478,330,1858,32,407,GCN,Cora,0.1,81,81,81,181
579,0.8371,0.6232,0.8872,0.4803,354,1845,45,383,GCN,Cora,0.1,81,81,81,191
580,0.4343,0.2931,0.2256,0.4179,308,833,1057,429,GCN,Cora,0.1,81,81,91,1
581,0.7952,0.6547,0.6212,0.692,510,1579,311,227,GCN,Cora,0.1,81,81,91,11
582,0.8062,0.6649,0.6458,0.6852,505,1613,277,232,GCN,Cora,0.1,81,81,91,21
583,0.7903,0.6192,0.631,0.6079,448,1628,262,289,GCN,Cora,0.1,81,81,91,31
584,0.8455,0.6952,0.7782,0.6282,463,1758,132,274,GCN,Cora,0.1,81,81,91,41
585,0.8173,0.6547,0.6968,0.6174,455,1692,198,282,GCN,Cora,0.1,81,81,91,51
586,0.8668,0.7426,0.8106,0.6852,505,1772,118,232,GCN,Cora,0.1,81,81,91,61
587,0.8504,0.6961,0.8094,0.6106,450,1784,106,287,GCN,Cora,0.1,81,81,91,71
588,0.8538,0.6868,0.8609,0.5712,421,1822,68,316,GCN,Cora,0.1,81,81,91,81
589,0.8656,0.7295,0.838,0.6459,476,1798,92,261,GCN,Cora,0.1,81,81,91,91
590,0.8337,0.6349,0.8261,0.5156,380,1810,80,357,GCN,Cora,0.1,81,81,91,101
591,0.8614,0.705,0.8753,0.5902,435,1828,62,302,GCN,Cora,0.1,81,81,91,111
592,0.8397,0.6506,0.8376,0.5319,392,1814,76,345,GCN,Cora,0.1,81,81,91,121
593,0.8397,0.6374,0.8726,0.502,370,1836,54,367,GCN,Cora,0.1,81,81,91,131
594,0.8466,0.6529,0.8939,0.5142,379,1845,45,358,GCN,Cora,0.1,81,81,91,141
595,0.8375,0.636,0.8555,0.5061,373,1827,63,364,GCN,Cora,0.1,81,81,91,151
596,0.8515,0.6761,0.8715,0.5522,407,1830,60,330,GCN,Cora,0.1,81,81,91,161
597,0.8382,0.6288,0.8824,0.4885,360,1842,48,377,GCN,Cora,0.1,81,81,91,171
598,0.8435,0.6448,0.8881,0.5061,373,1843,47,364,GCN,Cora,0.1,81,81,91,181
599,0.834,0.6169,0.8753,0.4763,351,1840,50,386,GCN,Cora,0.1,81,81,91,191
600,0.3833,0.1948,0.1537,0.2659,196,811,1079,541,GCN,Cora,0.1,81,81,101,1
601,0.7689,0.6337,0.5707,0.7123,525,1495,395,212,GCN,Cora,0.1,81,81,101,11
602,0.7332,0.5691,0.5202,0.6282,463,1463,427,274,GCN,Cora,0.1,81,81,101,21
603,0.7339,0.5039,0.5283,0.4817,355,1573,317,382,GCN,Cora,0.1,81,81,101,31
604,0.855,0.7155,0.7957,0.6499,479,1767,123,258,GCN,Cora,0.1,81,81,101,41
605,0.8668,0.7372,0.8252,0.6662,491,1786,104,246,GCN,Cora,0.1,81,81,101,51
606,0.8356,0.6771,0.7537,0.6147,453,1742,148,284,GCN,Cora,0.1,81,81,101,61
607,0.8378,0.627,0.884,0.4858,358,1843,47,379,GCN,Cora,0.1,81,81,101,71
608,0.847,0.6804,0.8215,0.5807,428,1797,93,309,GCN,Cora,0.1,81,81,101,81
609,0.8595,0.6993,0.8755,0.5821,429,1829,61,308,GCN,Cora,0.1,81,81,101,91
610,0.8534,0.698,0.8271,0.6038,445,1797,93,292,GCN,Cora,0.1,81,81,101,101
611,0.8645,0.7245,0.8432,0.635,468,1803,87,269,GCN,Cora,0.1,81,81,101,111
612,0.8375,0.6619,0.7947,0.5672,418,1782,108,319,GCN,Cora,0.1,81,81,101,121
613,0.847,0.6683,0.8526,0.5495,405,1820,70,332,GCN,Cora,0.1,81,81,101,131
614,0.8428,0.643,0.8857,0.5047,372,1842,48,365,GCN,Cora,0.1,81,81,101,141
615,0.8363,0.6312,0.8578,0.4993,368,1829,61,369,GCN,Cora,0.1,81,81,101,151
616,0.8451,0.656,0.87,0.5265,388,1832,58,349,GCN,Cora,0.1,81,81,101,161
617,0.8455,0.6553,0.8753,0.5237,386,1835,55,351,GCN,Cora,0.1,81,81,101,171
618,0.8462,0.6553,0.8828,0.521,384,1839,51,353,GCN,Cora,0.1,81,81,101,181
619,0.8382,0.6295,0.8805,0.4898,361,1841,49,376,GCN,Cora,0.1,81,81,101,191
620,0.6254,0.4864,0.3953,0.6323,466,1177,713,271,GCN,Cora,0.1,81,81,111,1
621,0.7145,0.5772,0.4937,0.6947,512,1365,525,225,GCN,Cora,0.1,81,81,111,11
622,0.7016,0.4922,0.4709,0.5156,380,1463,427,357,GCN,Cora,0.1,81,81,111,21
623,0.7724,0.5915,0.5956,0.5875,433,1596,294,304,GCN,Cora,0.1,81,81,111,31
624,0.8428,0.7126,0.7314,0.6947,512,1702,188,225,GCN,Cora,0.1,81,81,111,41
625,0.8462,0.6962,0.7808,0.6282,463,1760,130,274,GCN,Cora,0.1,81,81,111,51
626,0.8607,0.7158,0.8367,0.6255,461,1800,90,276,GCN,Cora,0.1,81,81,111,61
627,0.8515,0.684,0.8491,0.5726,422,1815,75,315,GCN,Cora,0.1,81,81,111,71
628,0.8333,0.6185,0.8637,0.4817,355,1834,56,382,GCN,Cora,0.1,81,81,111,81
629,0.8489,0.6827,0.8307,0.5794,427,1803,87,310,GCN,Cora,0.1,81,81,111,91
630,0.8618,0.7157,0.8463,0.6201,457,1807,83,280,GCN,Cora,0.1,81,81,111,101
631,0.8432,0.6617,0.8378,0.5468,403,1812,78,334,GCN,Cora,0.1,81,81,111,111
632,0.8493,0.6837,0.8311,0.5807,428,1803,87,309,GCN,Cora,0.1,81,81,111,121
633,0.8481,0.6667,0.8674,0.5414,399,1829,61,338,GCN,Cora,0.1,81,81,111,131
634,0.8534,0.6831,0.8682,0.5631,415,1827,63,322,GCN,Cora,0.1,81,81,111,141
635,0.8352,0.6309,0.8486,0.502,370,1824,66,367,GCN,Cora,0.1,81,81,111,151
636,0.8401,0.6335,0.8875,0.4925,363,1844,46,374,GCN,Cora,0.1,81,81,111,161
637,0.8428,0.6387,0.899,0.4953,365,1849,41,372,GCN,Cora,0.1,81,81,111,171
638,0.8382,0.6308,0.8768,0.4925,363,1839,51,374,GCN,Cora,0.1,81,81,111,181
639,0.8378,0.645,0.8359,0.5251,387,1814,76,350,GCN,Cora,0.1,81,81,111,191
640,0.6182,0.4947,0.3934,0.6662,491,1133,757,246,GCN,Cora,0.1,81,81,121,1
641,0.6578,0.4555,0.4114,0.5102,376,1352,538,361,GCN,Cora,0.1,81,81,121,11
642,0.7994,0.6446,0.6408,0.6486,478,1622,268,259,GCN,Cora,0.1,81,81,121,21
643,0.7766,0.5971,0.6042,0.5902,435,1605,285,302,GCN,Cora,0.1,81,81,121,31
644,0.8409,0.6724,0.7959,0.5821,429,1780,110,308,GCN,Cora,0.1,81,81,121,41
645,0.8504,0.6859,0.8346,0.5821,429,1805,85,308,GCN,Cora,0.1,81,81,121,51
646,0.8542,0.6948,0.8417,0.5916,436,1808,82,301,GCN,Cora,0.1,81,81,121,61
647,0.8504,0.7047,0.7896,0.6364,469,1765,125,268,GCN,Cora,0.1,81,81,121,71
648,0.8291,0.5973,0.881,0.4518,333,1845,45,404,GCN,Cora,0.1,81,81,121,81
649,0.8508,0.6894,0.8286,0.5902,435,1800,90,302,GCN,Cora,0.1,81,81,121,91
650,0.8447,0.6715,0.8257,0.5658,417,1802,88,320,GCN,Cora,0.1,81,81,121,101
651,0.8485,0.6826,0.8279,0.5807,428,1801,89,309,GCN,Cora,0.1,81,81,121,111
652,0.8356,0.6351,0.8412,0.5102,376,1819,71,361,GCN,Cora,0.1,81,81,121,121
653,0.8306,0.61,0.8614,0.4722,348,1834,56,389,GCN,Cora,0.1,81,81,121,131
654,0.8329,0.6326,0.8253,0.5129,378,1810,80,359,GCN,Cora,0.1,81,81,121,141
655,0.8496,0.6822,0.8379,0.5753,424,1808,82,313,GCN,Cora,0.1,81,81,121,151
656,0.8371,0.6342,0.8568,0.5034,371,1828,62,366,GCN,Cora,0.1,81,81,121,161
657,0.8344,0.6063,0.9103,0.4545,335,1857,33,402,GCN,Cora,0.1,81,81,121,171
658,0.8295,0.5949,0.8916,0.4464,329,1850,40,408,GCN,Cora,0.1,81,81,121,181
659,0.8382,0.6389,0.8545,0.5102,376,1826,64,361,GCN,Cora,0.1,81,81,121,191
660,0.6148,0.5149,0.3981,0.7286,537,1078,812,200,GCN,Cora,0.1,81,81,131,1
661,0.6022,0.328,0.3117,0.346,255,1327,563,482,GCN,Cora,0.1,81,81,131,11
662,0.6475,0.4198,0.39,0.4545,335,1366,524,402,GCN,Cora,0.1,81,81,131,21
663,0.8561,0.7229,0.7863,0.6689,493,1756,134,244,GCN,Cora,0.1,81,81,131,31
664,0.7872,0.5407,0.6854,0.4464,329,1739,151,408,GCN,Cora,0.1,81,81,131,41
665,0.7819,0.4729,0.7343,0.3487,257,1797,93,480,GCN,Cora,0.1,81,81,131,51
666,0.8485,0.7065,0.7738,0.6499,479,1750,140,258,GCN,Cora,0.1,81,81,131,61
667,0.8553,0.7143,0.801,0.6445,475,1772,118,262,GCN,Cora,0.1,81,81,131,71
668,0.8576,0.7114,0.8247,0.6255,461,1792,98,276,GCN,Cora,0.1,81,81,131,81
669,0.8458,0.6783,0.818,0.5794,427,1795,95,310,GCN,Cora,0.1,81,81,131,91
670,0.8626,0.7234,0.831,0.6404,472,1794,96,265,GCN,Cora,0.1,81,81,131,101
671,0.8401,0.658,0.8228,0.5482,404,1803,87,333,GCN,Cora,0.1,81,81,131,111
672,0.8508,0.6839,0.8429,0.5753,424,1811,79,313,GCN,Cora,0.1,81,81,131,121
673,0.8314,0.6395,0.7988,0.5332,393,1791,99,344,GCN,Cora,0.1,81,81,131,131
674,0.8359,0.6393,0.8341,0.5183,382,1814,76,355,GCN,Cora,0.1,81,81,131,141
675,0.8428,0.6578,0.8447,0.5387,397,1817,73,340,GCN,Cora,0.1,81,81,131,151
676,0.8428,0.6479,0.8716,0.5156,380,1834,56,357,GCN,Cora,0.1,81,81,131,161
677,0.8302,0.6162,0.8424,0.4858,358,1823,67,379,GCN,Cora,0.1,81,81,131,171
678,0.8375,0.6354,0.8571,0.5047,372,1828,62,365,GCN,Cora,0.1,81,81,131,181
679,0.826,0.6097,0.8226,0.4844,357,1813,77,380,GCN,Cora,0.1,81,81,131,191
680,0.5021,0.373,0.2884,0.5278,389,930,960,348,GCN,Cora,0.1,81,81,141,1
681,0.6479,0.5019,0.4161,0.6323,466,1236,654,271,GCN,Cora,0.1,81,81,141,11
682,0.627,0.2719,0.3005,0.2483,183,1464,426,554,GCN,Cora,0.1,81,81,141,21
683,0.81,0.6062,0.7245,0.521,384,1744,146,353,GCN,Cora,0.1,81,81,141,31
684,0.78,0.5958,0.6147,0.578,426,1623,267,311,GCN,Cora,0.1,81,81,141,41
685,0.8348,0.6593,0.7821,0.5699,420,1773,117,317,GCN,Cora,0.1,81,81,141,51
686,0.8489,0.6872,0.8195,0.5916,436,1794,96,301,GCN,Cora,0.1,81,81,141,61
687,0.839,0.6442,0.8473,0.5197,383,1821,69,354,GCN,Cora,0.1,81,81,141,71
688,0.8519,0.7055,0.7979,0.6323,466,1772,118,271,GCN,Cora,0.1,81,81,141,81
689,0.8424,0.6515,0.8581,0.5251,387,1826,64,350,GCN,Cora,0.1,81,81,141,91
690,0.8363,0.6446,0.8245,0.5292,390,1807,83,347,GCN,Cora,0.1,81,81,141,101
691,0.8576,0.7087,0.8318,0.6174,455,1798,92,282,GCN,Cora,0.1,81,81,141,111
692,0.8519,0.691,0.8333,0.5902,435,1803,87,302,GCN,Cora,0.1,81,81,141,121
693,0.8439,0.673,0.8162,0.5726,422,1795,95,315,GCN,Cora,0.1,81,81,141,131
694,0.8378,0.645,0.8359,0.5251,387,1814,76,350,GCN,Cora,0.1,81,81,141,141
695,0.842,0.6651,0.8207,0.559,412,1800,90,325,GCN,Cora,0.1,81,81,141,151
696,0.8477,0.6759,0.839,0.5658,417,1810,80,320,GCN,Cora,0.1,81,81,141,161
697,0.8363,0.644,0.8259,0.5278,389,1808,82,348,GCN,Cora,0.1,81,81,141,171
698,0.8458,0.6672,0.8458,0.5509,406,1816,74,331,GCN,Cora,0.1,81,81,141,181
699,0.8386,0.6437,0.8455,0.5197,383,1820,70,354,GCN,Cora,0.1,81,81,141,191
700,0.5135,0.3648,0.2878,0.498,367,982,908,370,GCN,Cora,0.1,81,81,151,1
701,0.512,0.2581,0.225,0.3026,223,1122,768,514,GCN,Cora,0.1,81,81,151,11
702,0.6856,0.4636,0.4446,0.4844,357,1444,446,380,GCN,Cora,0.1,81,81,151,21
703,0.7963,0.6063,0.6624,0.559,412,1680,210,325,GCN,Cora,0.1,81,81,151,31
704,0.7937,0.5732,0.6829,0.4939,364,1721,169,373,GCN,Cora,0.1,81,81,151,41
705,0.8238,0.6233,0.7785,0.5197,383,1781,109,354,GCN,Cora,0.1,81,81,151,51
706,0.8211,0.6434,0.7298,0.5753,424,1733,157,313,GCN,Cora,0.1,81,81,151,61
707,0.8626,0.732,0.8082,0.6689,493,1773,117,244,GCN,Cora,0.1,81,81,151,71
708,0.8348,0.6448,0.8124,0.5346,394,1799,91,343,GCN,Cora,0.1,81,81,151,81
709,0.8519,0.6881,0.8412,0.5821,429,1809,81,308,GCN,Cora,0.1,81,81,151,91
710,0.8295,0.6273,0.8108,0.5115,377,1802,88,360,GCN,Cora,0.1,81,81,151,101
711,0.8443,0.6715,0.8228,0.5672,418,1800,90,319,GCN,Cora,0.1,81,81,151,111
712,0.8485,0.6826,0.8279,0.5807,428,1801,89,309,GCN,Cora,0.1,81,81,151,121
713,0.8371,0.6469,0.8253,0.5319,392,1807,83,345,GCN,Cora,0.1,81,81,151,131
714,0.8432,0.6595,0.8436,0.5414,399,1816,74,338,GCN,Cora,0.1,81,81,151,141
715,0.8222,0.5834,0.8516,0.4437,327,1833,57,410,GCN,Cora,0.1,81,81,151,151
716,0.8375,0.6491,0.8229,0.536,395,1805,85,342,GCN,Cora,0.1,81,81,151,161
717,0.8306,0.6385,0.7955,0.5332,393,1789,101,344,GCN,Cora,0.1,81,81,151,171
718,0.8337,0.6306,0.8363,0.5061,373,1817,73,364,GCN,Cora,0.1,81,81,151,181
719,0.8397,0.6535,0.8305,0.5387,397,1809,81,340,GCN,Cora,0.1,81,81,151,191
720,0.4808,0.3048,0.2441,0.4057,299,964,926,438,GCN,Cora,0.1,81,81,161,1
721,0.5055,0.2036,0.1857,0.2252,166,1162,728,571,GCN,Cora,0.1,81,81,161,11
722,0.8051,0.6246,0.6794,0.578,426,1689,201,311,GCN,Cora,0.1,81,81,161,21
723,0.6939,0.4675,0.4567,0.479,353,1470,420,384,GCN,Cora,0.1,81,81,161,31
724,0.8458,0.6962,0.7785,0.6296,464,1758,132,273,GCN,Cora,0.1,81,81,161,41
725,0.8371,0.6672,0.7814,0.5821,429,1770,120,308,GCN,Cora,0.1,81,81,161,51
726,0.8291,0.6611,0.7449,0.5943,438,1740,150,299,GCN,Cora,0.1,81,81,161,61
727,0.847,0.6799,0.8227,0.5794,427,1798,92,310,GCN,Cora,0.1,81,81,161,71
728,0.8447,0.6639,0.8449,0.5468,403,1816,74,334,GCN,Cora,0.1,81,81,161,81
729,0.8283,0.6068,0.8488,0.4722,348,1828,62,389,GCN,Cora,0.1,81,81,161,91
730,0.8378,0.6479,0.8288,0.5319,392,1809,81,345,GCN,Cora,0.1,81,81,161,101
731,0.8394,0.6667,0.7977,0.5726,422,1783,107,315,GCN,Cora,0.1,81,81,161,111
732,0.8321,0.66,0.7643,0.5807,428,1758,132,309,GCN,Cora,0.1,81,81,161,121
733,0.831,0.6205,0.8383,0.4925,363,1820,70,374,GCN,Cora,0.1,81,81,161,131
734,0.8321,0.6221,0.8442,0.4925,363,1823,67,374,GCN,Cora,0.1,81,81,161,141
735,0.8344,0.6194,0.8719,0.4803,354,1838,52,383,GCN,Cora,0.1,81,81,161,151
736,0.8409,0.6487,0.8521,0.5237,386,1823,67,351,GCN,Cora,0.1,81,81,161,161
737,0.8413,0.6433,0.8704,0.5102,376,1834,56,361,GCN,Cora,0.1,81,81,161,171
738,0.826,0.5894,0.8723,0.445,328,1842,48,409,GCN,Cora,0.1,81,81,161,181
739,0.8337,0.6343,0.8275,0.5142,379,1811,79,358,GCN,Cora,0.1,81,81,161,191
740,0.5428,0.4116,0.3221,0.5699,420,1006,884,317,GCN,Cora,0.1,81,81,171,1
741,0.5984,0.445,0.3634,0.5739,423,1149,741,314,GCN,Cora,0.1,81,81,171,11
742,0.6559,0.3487,0.3717,0.3284,242,1481,409,495,GCN,Cora,0.1,81,81,171,21
743,0.8291,0.6897,0.7028,0.6771,499,1679,211,238,GCN,Cora,0.1,81,81,171,31
744,0.8272,0.6821,0.7048,0.6608,487,1686,204,250,GCN,Cora,0.1,81,81,171,41
745,0.8032,0.6156,0.6809,0.5617,414,1696,194,323,GCN,Cora,0.1,81,81,171,51
746,0.8519,0.7055,0.7979,0.6323,466,1772,118,271,GCN,Cora,0.1,81,81,171,61
747,0.8276,0.639,0.7741,0.5441,401,1773,117,336,GCN,Cora,0.1,81,81,171,71
748,0.8428,0.6781,0.7967,0.5902,435,1779,111,302,GCN,Cora,0.1,81,81,171,81
749,0.8317,0.6435,0.7932,0.5414,399,1786,104,338,GCN,Cora,0.1,81,81,171,91
750,0.8595,0.7055,0.8566,0.5997,442,1816,74,295,GCN,Cora,0.1,81,81,171,101
751,0.8386,0.6496,0.8309,0.5332,393,1810,80,344,GCN,Cora,0.1,81,81,171,111
752,0.8397,0.6405,0.8641,0.5088,375,1831,59,362,GCN,Cora,0.1,81,81,171,121
753,0.8367,0.6434,0.8305,0.5251,387,1811,79,350,GCN,Cora,0.1,81,81,171,131
754,0.8386,0.6496,0.8309,0.5332,393,1810,80,344,GCN,Cora,0.1,81,81,171,141
755,0.8257,0.6164,0.8053,0.4993,368,1801,89,369,GCN,Cora,0.1,81,81,171,151
756,0.8363,0.6362,0.8449,0.5102,376,1821,69,361,GCN,Cora,0.1,81,81,171,161
757,0.8432,0.652,0.8635,0.5237,386,1829,61,351,GCN,Cora,0.1,81,81,171,171
758,0.8527,0.6836,0.8601,0.5672,418,1822,68,319,GCN,Cora,0.1,81,81,171,181
759,0.8317,0.6317,0.8186,0.5142,379,1806,84,358,GCN,Cora,0.1,81,81,171,191
760,0.6258,0.5188,0.4058,0.7191,530,1114,776,207,GCN,Cora,0.1,81,81,181,1
761,0.7522,0.6023,0.5478,0.6689,493,1483,407,244,GCN,Cora,0.1,81,81,181,11
762,0.7438,0.5425,0.5436,0.5414,399,1555,335,338,GCN,Cora,0.1,81,81,181,21
763,0.8165,0.6292,0.7265,0.555,409,1736,154,328,GCN,Cora,0.1,81,81,181,31
764,0.8348,0.6641,0.773,0.5821,429,1764,126,308,GCN,Cora,0.1,81,81,181,41
765,0.8432,0.6939,0.7668,0.6336,467,1748,142,270,GCN,Cora,0.1,81,81,181,51
766,0.8272,0.6356,0.778,0.5373,396,1777,113,341,GCN,Cora,0.1,81,81,181,61
767,0.8481,0.6957,0.7944,0.6187,456,1772,118,281,GCN,Cora,0.1,81,81,181,71
768,0.8493,0.7014,0.7895,0.6309,465,1766,124,272,GCN,Cora,0.1,81,81,181,81
769,0.8534,0.7103,0.7973,0.6404,472,1770,120,265,GCN,Cora,0.1,81,81,181,91
770,0.8386,0.6513,0.8267,0.5373,396,1807,83,341,GCN,Cora,0.1,81,81,181,101
771,0.8295,0.6328,0.7992,0.5237,386,1793,97,351,GCN,Cora,0.1,81,81,181,111
772,0.8321,0.6303,0.8246,0.5102,376,1810,80,361,GCN,Cora,0.1,81,81,181,121
773,0.8298,0.613,0.8469,0.4803,354,1826,64,383,GCN,Cora,0.1,81,81,181,131
774,0.8211,0.5884,0.8296,0.4559,336,1821,69,401,GCN,Cora,0.1,81,81,181,141
775,0.839,0.6466,0.8413,0.5251,387,1817,73,350,GCN,Cora,0.1,81,81,181,151
776,0.8477,0.67,0.8547,0.5509,406,1821,69,331,GCN,Cora,0.1,81,81,181,161
777,0.8367,0.6318,0.8598,0.4993,368,1830,60,369,GCN,Cora,0.1,81,81,181,171
778,0.8363,0.6393,0.8374,0.517,381,1816,74,356,GCN,Cora,0.1,81,81,181,181
779,0.8413,0.6568,0.8347,0.5414,399,1811,79,338,GCN,Cora,0.1,81,81,181,191
780,0.6658,0.5783,0.4476,0.8168,602,1147,743,135,GCN,Cora,0.1,81,81,191,1
781,0.6901,0.5161,0.4593,0.5889,434,1379,511,303,GCN,Cora,0.1,81,81,191,11
782,0.8161,0.6833,0.6612,0.7069,521,1623,267,216,GCN,Cora,0.1,81,81,191,21
783,0.737,0.5498,0.5288,0.5726,422,1514,376,315,GCN,Cora,0.1,81,81,191,31
784,0.8595,0.7092,0.8459,0.6106,450,1808,82,287,GCN,Cora,0.1,81,81,191,41
785,0.8356,0.6809,0.7472,0.6255,461,1734,156,276,GCN,Cora,0.1,81,81,191,51
786,0.839,0.6901,0.75,0.6391,471,1733,157,266,GCN,Cora,0.1,81,81,191,61
787,0.831,0.6542,0.7678,0.5699,420,1763,127,317,GCN,Cora,0.1,81,81,191,71
788,0.8356,0.6604,0.785,0.5699,420,1775,115,317,GCN,Cora,0.1,81,81,191,81
789,0.8416,0.6645,0.8191,0.559,412,1799,91,325,GCN,Cora,0.1,81,81,191,91
790,0.8272,0.6425,0.7655,0.5536,408,1765,125,329,GCN,Cora,0.1,81,81,191,101
791,0.8199,0.5947,0.807,0.4708,347,1807,83,390,GCN,Cora,0.1,81,81,191,111
792,0.8451,0.647,0.8966,0.5061,373,1847,43,364,GCN,Cora,0.1,81,81,191,121
793,0.8386,0.6461,0.8395,0.5251,387,1816,74,350,GCN,Cora,0.1,81,81,191,131
794,0.8394,0.6232,0.9112,0.4735,349,1856,34,388,GCN,Cora,0.1,81,81,191,141
795,0.8325,0.6284,0.8322,0.5047,372,1815,75,365,GCN,Cora,0.1,81,81,191,151
796,0.8321,0.634,0.8162,0.5183,382,1804,86,355,GCN,Cora,0.1,81,81,191,161
797,0.8306,0.6349,0.8029,0.5251,387,1795,95,350,GCN,Cora,0.1,81,81,191,171
798,0.8215,0.5904,0.8284,0.4586,338,1820,70,399,GCN,Cora,0.1,81,81,191,181
799,0.8257,0.6085,0.8222,0.483,356,1813,77,381,GCN,Cora,0.1,81,81,191,191
