,acc,f1,precision,recall,1/1,0/0,0/1,1/0,model,dataset,rate,length negatives,length positives
0,0.519,0.6833,0.519,1.0,0,41,0,38,RGCN,dblp,0.01,79,79
1,0.6456,0.7846,0.6456,1.0,0,51,0,28,GCN,dblp,0.01,79,79
2,0.8354,0.9103,0.8354,1.0,0,66,0,13,SkipNodeGCN,dblp,0.01,79,79
3,0.6203,0.7656,0.6203,1.0,0,49,0,30,DropEdgeGCN,dblp,0.01,79,79
4,0.5253,0.6888,0.5253,1.0,0,83,0,75,RGCN,dblp,0.02,158,158
5,0.6582,0.7939,0.6582,1.0,0,104,0,54,GCN,dblp,0.02,158,158
6,0.8734,0.9324,0.8734,1.0,0,138,0,20,SkipNodeGCN,dblp,0.02,158,158
7,0.6203,0.7656,0.6203,1.0,0,98,0,60,DropEdgeGCN,dblp,0.02,158,158
8,0.557,0.7154,0.557,1.0,0,132,0,105,RGCN,dblp,0.03,237,237
9,0.7257,0.8411,0.7257,1.0,0,172,0,65,GCN,dblp,0.03,237,237
10,0.865,0.9276,0.865,1.0,0,205,0,32,SkipNodeGCN,dblp,0.03,237,237
11,0.6751,0.806,0.6751,1.0,0,160,0,77,DropEdgeGCN,dblp,0.03,237,237
12,0.6361,0.7776,0.6361,1.0,0,201,0,115,RGCN,dblp,0.04,316,316
13,0.7468,0.8551,0.7468,1.0,0,236,0,80,GCN,dblp,0.04,316,316
14,0.8259,0.9047,0.8259,1.0,0,261,0,55,SkipNodeGCN,dblp,0.04,316,316
15,0.6772,0.8075,0.6772,1.0,0,214,0,102,DropEdgeGCN,dblp,0.04,316,316
16,0.5581,0.7164,0.5581,1.0,0,221,0,175,RGCN,dblp,0.05,396,396
17,0.7273,0.8421,0.7273,1.0,0,288,0,108,GCN,dblp,0.05,396,396
18,0.8662,0.9283,0.8662,1.0,0,343,0,53,SkipNodeGCN,dblp,0.05,396,396
19,0.7828,0.8782,0.7828,1.0,0,310,0,86,DropEdgeGCN,dblp,0.05,396,396
20,0.6295,0.7726,0.6295,1.0,0,299,0,176,RGCN,dblp,0.06,475,475
21,0.7684,0.869,0.7684,1.0,0,365,0,110,GCN,dblp,0.06,475,475
22,0.8063,0.8928,0.8063,1.0,0,383,0,92,SkipNodeGCN,dblp,0.06,475,475
23,0.8147,0.8979,0.8147,1.0,0,387,0,88,DropEdgeGCN,dblp,0.06,475,475
24,0.6264,0.7703,0.6264,1.0,0,347,0,207,RGCN,dblp,0.07,554,554
25,0.7581,0.8624,0.7581,1.0,0,420,0,134,GCN,dblp,0.07,554,554
26,0.8141,0.8975,0.8141,1.0,0,451,0,103,SkipNodeGCN,dblp,0.07,554,554
27,0.7942,0.8853,0.7942,1.0,0,440,0,114,DropEdgeGCN,dblp,0.07,554,554
28,0.6825,0.8113,0.6825,1.0,0,432,0,201,RGCN,dblp,0.08,633,633
29,0.8246,0.9039,0.8246,1.0,0,522,0,111,GCN,dblp,0.08,633,633
30,0.8294,0.9067,0.8294,1.0,0,525,0,108,SkipNodeGCN,dblp,0.08,633,633
31,0.7804,0.8767,0.7804,1.0,0,494,0,139,DropEdgeGCN,dblp,0.08,633,633
32,0.6728,0.8044,0.6728,1.0,0,479,0,233,RGCN,dblp,0.09,712,712
33,0.8104,0.8953,0.8104,1.0,0,577,0,135,GCN,dblp,0.09,712,712
34,0.7725,0.8716,0.7725,1.0,0,550,0,162,SkipNodeGCN,dblp,0.09,712,712
35,0.7781,0.8752,0.7781,1.0,0,554,0,158,DropEdgeGCN,dblp,0.09,712,712
36,0.7197,0.837,0.7197,1.0,0,570,0,222,RGCN,dblp,0.1,792,792
37,0.7424,0.8522,0.7424,1.0,0,588,0,204,GCN,dblp,0.1,792,792
38,0.8371,0.9113,0.8371,1.0,0,663,0,129,SkipNodeGCN,dblp,0.1,792,792
39,0.8258,0.9046,0.8258,1.0,0,654,0,138,DropEdgeGCN,dblp,0.1,792,792
40,0.7233,0.8394,0.7233,1.0,0,630,0,241,RGCN,dblp,0.11,871,871
41,0.8347,0.9099,0.8347,1.0,0,727,0,144,GCN,dblp,0.11,871,871
42,0.8622,0.926,0.8622,1.0,0,751,0,120,SkipNodeGCN,dblp,0.11,871,871
43,0.7922,0.884,0.7922,1.0,0,690,0,181,DropEdgeGCN,dblp,0.11,871,871
44,0.7358,0.8478,0.7358,1.0,0,699,0,251,RGCN,dblp,0.12,950,950
45,0.7768,0.8744,0.7768,1.0,0,738,0,212,GCN,dblp,0.12,950,950
46,0.84,0.913,0.84,1.0,0,798,0,152,SkipNodeGCN,dblp,0.12,950,950
47,0.8221,0.9024,0.8221,1.0,0,781,0,169,DropEdgeGCN,dblp,0.12,950,950
48,0.792,0.8839,0.792,1.0,0,815,0,214,RGCN,dblp,0.13,1029,1029
49,0.8076,0.8935,0.8076,1.0,0,831,0,198,GCN,dblp,0.13,1029,1029
50,0.8358,0.9105,0.8358,1.0,0,860,0,169,SkipNodeGCN,dblp,0.13,1029,1029
51,0.7949,0.8858,0.7949,1.0,0,818,0,211,DropEdgeGCN,dblp,0.13,1029,1029
52,0.7635,0.8659,0.7635,1.0,0,846,0,262,RGCN,dblp,0.14,1108,1108
53,0.8231,0.903,0.8231,1.0,0,912,0,196,GCN,dblp,0.14,1108,1108
54,0.8583,0.9237,0.8583,1.0,0,951,0,157,SkipNodeGCN,dblp,0.14,1108,1108
55,0.7545,0.8601,0.7545,1.0,0,836,0,272,DropEdgeGCN,dblp,0.14,1108,1108
56,0.7837,0.8787,0.7837,1.0,0,931,0,257,RGCN,dblp,0.15,1188,1188
57,0.8106,0.8954,0.8106,1.0,0,963,0,225,GCN,dblp,0.15,1188,1188
58,0.8636,0.9268,0.8636,1.0,0,1026,0,162,SkipNodeGCN,dblp,0.15,1188,1188
59,0.803,0.8908,0.803,1.0,0,954,0,234,DropEdgeGCN,dblp,0.15,1188,1188
60,0.7727,0.8718,0.7727,1.0,0,979,0,288,RGCN,dblp,0.16,1267,1267
61,0.8003,0.8891,0.8003,1.0,0,1014,0,253,GCN,dblp,0.16,1267,1267
62,0.8429,0.9148,0.8429,1.0,0,1068,0,199,SkipNodeGCN,dblp,0.16,1267,1267
63,0.8666,0.9285,0.8666,1.0,0,1098,0,169,DropEdgeGCN,dblp,0.16,1267,1267
64,0.7697,0.8699,0.7697,1.0,0,1036,0,310,RGCN,dblp,0.17,1346,1346
65,0.8432,0.915,0.8432,1.0,0,1135,0,211,GCN,dblp,0.17,1346,1346
66,0.8618,0.9258,0.8618,1.0,0,1160,0,186,SkipNodeGCN,dblp,0.17,1346,1346
67,0.8239,0.9035,0.8239,1.0,0,1109,0,237,DropEdgeGCN,dblp,0.17,1346,1346
68,0.7825,0.878,0.7825,1.0,0,1115,0,310,RGCN,dblp,0.18,1425,1425
69,0.8049,0.8919,0.8049,1.0,0,1147,0,278,GCN,dblp,0.18,1425,1425
70,0.8344,0.9097,0.8344,1.0,0,1189,0,236,SkipNodeGCN,dblp,0.18,1425,1425
71,0.8309,0.9076,0.8309,1.0,0,1184,0,241,DropEdgeGCN,dblp,0.18,1425,1425
72,0.8351,0.9101,0.8351,1.0,0,1256,0,248,RGCN,dblp,0.19,1504,1504
73,0.861,0.9253,0.861,1.0,0,1295,0,209,GCN,dblp,0.19,1504,1504
74,0.8158,0.8986,0.8158,1.0,0,1227,0,277,SkipNodeGCN,dblp,0.19,1504,1504
75,0.8145,0.8978,0.8145,1.0,0,1225,0,279,DropEdgeGCN,dblp,0.19,1504,1504
76,0.7746,0.873,0.7746,1.0,0,1227,0,357,RGCN,dblp,0.2,1584,1584
77,0.834,0.9095,0.834,1.0,0,1321,0,263,GCN,dblp,0.2,1584,1584
78,0.8415,0.914,0.8415,1.0,0,1333,0,251,SkipNodeGCN,dblp,0.2,1584,1584
79,0.8207,0.9015,0.8207,1.0,0,1300,0,284,DropEdgeGCN,dblp,0.2,1584,1584
80,0.8479,0.9177,0.8479,1.0,0,1410,0,253,RGCN,dblp,0.21,1663,1663
81,0.7925,0.8843,0.7925,1.0,0,1318,0,345,GCN,dblp,0.21,1663,1663
82,0.8593,0.9243,0.8593,1.0,0,1429,0,234,SkipNodeGCN,dblp,0.21,1663,1663
83,0.8497,0.9187,0.8497,1.0,0,1413,0,250,DropEdgeGCN,dblp,0.21,1663,1663
84,0.7979,0.8876,0.7979,1.0,0,1390,0,352,RGCN,dblp,0.22,1742,1742
85,0.8025,0.8904,0.8025,1.0,0,1398,0,344,GCN,dblp,0.22,1742,1742
86,0.8364,0.9109,0.8364,1.0,0,1457,0,285,SkipNodeGCN,dblp,0.22,1742,1742
87,0.8289,0.9065,0.8289,1.0,0,1444,0,298,DropEdgeGCN,dblp,0.22,1742,1742
88,0.849,0.9183,0.849,1.0,0,1546,0,275,RGCN,dblp,0.23,1821,1821
89,0.8342,0.9096,0.8342,1.0,0,1519,0,302,GCN,dblp,0.23,1821,1821
90,0.8435,0.9151,0.8435,1.0,0,1536,0,285,SkipNodeGCN,dblp,0.23,1821,1821
91,0.8468,0.917,0.8468,1.0,0,1542,0,279,DropEdgeGCN,dblp,0.23,1821,1821
92,0.8232,0.903,0.8232,1.0,0,1564,0,336,RGCN,dblp,0.24,1900,1900
93,0.8305,0.9074,0.8305,1.0,0,1578,0,322,GCN,dblp,0.24,1900,1900
94,0.8458,0.9165,0.8458,1.0,0,1607,0,293,SkipNodeGCN,dblp,0.24,1900,1900
95,0.8147,0.8979,0.8147,1.0,0,1548,0,352,DropEdgeGCN,dblp,0.24,1900,1900
96,0.8424,0.9145,0.8424,1.0,0,1668,0,312,RGCN,dblp,0.25,1980,1980
97,0.8576,0.9233,0.8576,1.0,0,1698,0,282,GCN,dblp,0.25,1980,1980
98,0.8712,0.9312,0.8712,1.0,0,1725,0,255,SkipNodeGCN,dblp,0.25,1980,1980
99,0.8515,0.9198,0.8515,1.0,0,1686,0,294,DropEdgeGCN,dblp,0.25,1980,1980
100,0.5316,0.6942,0.5316,1.0,0,42,0,37,RGCN,dblp,0.01,79,79
101,0.7089,0.8296,0.7089,1.0,0,56,0,23,GCN,dblp,0.01,79,79
102,0.7975,0.8873,0.7975,1.0,0,63,0,16,SkipNodeGCN,dblp,0.01,79,79
103,0.5823,0.736,0.5823,1.0,0,46,0,33,DropEdgeGCN,dblp,0.01,79,79
104,0.538,0.6996,0.538,1.0,0,85,0,73,RGCN,dblp,0.02,158,158
105,0.6899,0.8165,0.6899,1.0,0,109,0,49,GCN,dblp,0.02,158,158
106,0.7658,0.8674,0.7658,1.0,0,121,0,37,SkipNodeGCN,dblp,0.02,158,158
107,0.7595,0.8633,0.7595,1.0,0,120,0,38,DropEdgeGCN,dblp,0.02,158,158
108,0.557,0.7154,0.557,1.0,0,132,0,105,RGCN,dblp,0.03,237,237
109,0.692,0.818,0.692,1.0,0,164,0,73,GCN,dblp,0.03,237,237
110,0.9114,0.9536,0.9114,1.0,0,216,0,21,SkipNodeGCN,dblp,0.03,237,237
111,0.6751,0.806,0.6751,1.0,0,160,0,77,DropEdgeGCN,dblp,0.03,237,237
112,0.6266,0.7704,0.6266,1.0,0,198,0,118,RGCN,dblp,0.04,316,316
113,0.7532,0.8592,0.7532,1.0,0,238,0,78,GCN,dblp,0.04,316,316
114,0.8544,0.9215,0.8544,1.0,0,270,0,46,SkipNodeGCN,dblp,0.04,316,316
115,0.7753,0.8734,0.7753,1.0,0,245,0,71,DropEdgeGCN,dblp,0.04,316,316
116,0.6111,0.7586,0.6111,1.0,0,242,0,154,RGCN,dblp,0.05,396,396
117,0.7828,0.8782,0.7828,1.0,0,310,0,86,GCN,dblp,0.05,396,396
118,0.851,0.9195,0.851,1.0,0,337,0,59,SkipNodeGCN,dblp,0.05,396,396
119,0.7172,0.8353,0.7172,1.0,0,284,0,112,DropEdgeGCN,dblp,0.05,396,396
120,0.6084,0.7565,0.6084,1.0,0,289,0,186,RGCN,dblp,0.06,475,475
121,0.8,0.8889,0.8,1.0,0,380,0,95,GCN,dblp,0.06,475,475
122,0.8147,0.8979,0.8147,1.0,0,387,0,88,SkipNodeGCN,dblp,0.06,475,475
123,0.7642,0.8663,0.7642,1.0,0,363,0,112,DropEdgeGCN,dblp,0.06,475,475
124,0.6715,0.8035,0.6715,1.0,0,372,0,182,RGCN,dblp,0.07,554,554
125,0.7906,0.8831,0.7906,1.0,0,438,0,116,GCN,dblp,0.07,554,554
126,0.843,0.9148,0.843,1.0,0,467,0,87,SkipNodeGCN,dblp,0.07,554,554
127,0.7708,0.8705,0.7708,1.0,0,427,0,127,DropEdgeGCN,dblp,0.07,554,554
128,0.7346,0.847,0.7346,1.0,0,465,0,168,RGCN,dblp,0.08,633,633
129,0.7994,0.8885,0.7994,1.0,0,506,0,127,GCN,dblp,0.08,633,633
130,0.8215,0.902,0.8215,1.0,0,520,0,113,SkipNodeGCN,dblp,0.08,633,633
131,0.7362,0.848,0.7362,1.0,0,466,0,167,DropEdgeGCN,dblp,0.08,633,633
132,0.6994,0.8231,0.6994,1.0,0,498,0,214,RGCN,dblp,0.09,712,712
133,0.8034,0.891,0.8034,1.0,0,572,0,140,GCN,dblp,0.09,712,712
134,0.8455,0.9163,0.8455,1.0,0,602,0,110,SkipNodeGCN,dblp,0.09,712,712
135,0.7444,0.8535,0.7444,1.0,0,530,0,182,DropEdgeGCN,dblp,0.09,712,712
136,0.7184,0.8361,0.7184,1.0,0,569,0,223,RGCN,dblp,0.1,792,792
137,0.8144,0.8977,0.8144,1.0,0,645,0,147,GCN,dblp,0.1,792,792
138,0.8422,0.9143,0.8422,1.0,0,667,0,125,SkipNodeGCN,dblp,0.1,792,792
139,0.7967,0.8869,0.7967,1.0,0,631,0,161,DropEdgeGCN,dblp,0.1,792,792
140,0.7003,0.8238,0.7003,1.0,0,610,0,261,RGCN,dblp,0.11,871,871
141,0.7773,0.8747,0.7773,1.0,0,677,0,194,GCN,dblp,0.11,871,871
142,0.8335,0.9092,0.8335,1.0,0,726,0,145,SkipNodeGCN,dblp,0.11,871,871
143,0.814,0.8975,0.814,1.0,0,709,0,162,DropEdgeGCN,dblp,0.11,871,871
144,0.7168,0.8351,0.7168,1.0,0,681,0,269,RGCN,dblp,0.12,950,950
145,0.8253,0.9043,0.8253,1.0,0,784,0,166,GCN,dblp,0.12,950,950
146,0.8568,0.9229,0.8568,1.0,0,814,0,136,SkipNodeGCN,dblp,0.12,950,950
147,0.8,0.8889,0.8,1.0,0,760,0,190,DropEdgeGCN,dblp,0.12,950,950
148,0.7512,0.8579,0.7512,1.0,0,773,0,256,RGCN,dblp,0.13,1029,1029
149,0.8338,0.9094,0.8338,1.0,0,858,0,171,GCN,dblp,0.13,1029,1029
150,0.8571,0.9231,0.8571,1.0,0,882,0,147,SkipNodeGCN,dblp,0.13,1029,1029
151,0.7901,0.8827,0.7901,1.0,0,813,0,216,DropEdgeGCN,dblp,0.13,1029,1029
152,0.8032,0.8909,0.8032,1.0,0,890,0,218,RGCN,dblp,0.14,1108,1108
153,0.852,0.9201,0.852,1.0,0,944,0,164,GCN,dblp,0.14,1108,1108
154,0.8475,0.9174,0.8475,1.0,0,939,0,169,SkipNodeGCN,dblp,0.14,1108,1108
155,0.7726,0.8717,0.7726,1.0,0,856,0,252,DropEdgeGCN,dblp,0.14,1108,1108
156,0.766,0.8675,0.766,1.0,0,910,0,278,RGCN,dblp,0.15,1188,1188
157,0.8258,0.9046,0.8258,1.0,0,981,0,207,GCN,dblp,0.15,1188,1188
158,0.8636,0.9268,0.8636,1.0,0,1026,0,162,SkipNodeGCN,dblp,0.15,1188,1188
159,0.7517,0.8582,0.7517,1.0,0,893,0,295,DropEdgeGCN,dblp,0.15,1188,1188
160,0.7459,0.8544,0.7459,1.0,0,945,0,322,RGCN,dblp,0.16,1267,1267
161,0.835,0.9101,0.835,1.0,0,1058,0,209,GCN,dblp,0.16,1267,1267
162,0.8745,0.9331,0.8745,1.0,0,1108,0,159,SkipNodeGCN,dblp,0.16,1267,1267
163,0.8311,0.9078,0.8311,1.0,0,1053,0,214,DropEdgeGCN,dblp,0.16,1267,1267
164,0.7407,0.851,0.7407,1.0,0,997,0,349,RGCN,dblp,0.17,1346,1346
165,0.7838,0.8788,0.7838,1.0,0,1055,0,291,GCN,dblp,0.17,1346,1346
166,0.8544,0.9215,0.8544,1.0,0,1150,0,196,SkipNodeGCN,dblp,0.17,1346,1346
167,0.8321,0.9084,0.8321,1.0,0,1120,0,226,DropEdgeGCN,dblp,0.17,1346,1346
168,0.7867,0.8806,0.7867,1.0,0,1121,0,304,RGCN,dblp,0.18,1425,1425
169,0.7888,0.8819,0.7888,1.0,0,1124,0,301,GCN,dblp,0.18,1425,1425
170,0.8611,0.9253,0.8611,1.0,0,1227,0,198,SkipNodeGCN,dblp,0.18,1425,1425
171,0.8161,0.8988,0.8161,1.0,0,1163,0,262,DropEdgeGCN,dblp,0.18,1425,1425
172,0.8065,0.8929,0.8065,1.0,0,1213,0,291,RGCN,dblp,0.19,1504,1504
173,0.8324,0.9086,0.8324,1.0,0,1252,0,252,GCN,dblp,0.19,1504,1504
174,0.8178,0.8998,0.8178,1.0,0,1230,0,274,SkipNodeGCN,dblp,0.19,1504,1504
175,0.8152,0.8982,0.8152,1.0,0,1226,0,278,DropEdgeGCN,dblp,0.19,1504,1504
176,0.8131,0.8969,0.8131,1.0,0,1288,0,296,RGCN,dblp,0.2,1584,1584
177,0.8226,0.9027,0.8226,1.0,0,1303,0,281,GCN,dblp,0.2,1584,1584
178,0.8718,0.9315,0.8718,1.0,0,1381,0,203,SkipNodeGCN,dblp,0.2,1584,1584
179,0.8314,0.908,0.8314,1.0,0,1317,0,267,DropEdgeGCN,dblp,0.2,1584,1584
180,0.7901,0.8828,0.7901,1.0,0,1314,0,349,RGCN,dblp,0.21,1663,1663
181,0.7667,0.8679,0.7667,1.0,0,1275,0,388,GCN,dblp,0.21,1663,1663
182,0.8467,0.917,0.8467,1.0,0,1408,0,255,SkipNodeGCN,dblp,0.21,1663,1663
183,0.8076,0.8935,0.8076,1.0,0,1343,0,320,DropEdgeGCN,dblp,0.21,1663,1663
184,0.8031,0.8908,0.8031,1.0,0,1399,0,343,RGCN,dblp,0.22,1742,1742
185,0.8318,0.9082,0.8318,1.0,0,1449,0,293,GCN,dblp,0.22,1742,1742
186,0.8393,0.9126,0.8393,1.0,0,1462,0,280,SkipNodeGCN,dblp,0.22,1742,1742
187,0.8335,0.9092,0.8335,1.0,0,1452,0,290,DropEdgeGCN,dblp,0.22,1742,1742
188,0.8336,0.9093,0.8336,1.0,0,1518,0,303,RGCN,dblp,0.23,1821,1821
189,0.832,0.9083,0.832,1.0,0,1515,0,306,GCN,dblp,0.23,1821,1821
190,0.8545,0.9215,0.8545,1.0,0,1556,0,265,SkipNodeGCN,dblp,0.23,1821,1821
191,0.8545,0.9215,0.8545,1.0,0,1556,0,265,DropEdgeGCN,dblp,0.23,1821,1821
192,0.8389,0.9124,0.8389,1.0,0,1594,0,306,RGCN,dblp,0.24,1900,1900
193,0.8511,0.9195,0.8511,1.0,0,1617,0,283,GCN,dblp,0.24,1900,1900
194,0.8321,0.9084,0.8321,1.0,0,1581,0,319,SkipNodeGCN,dblp,0.24,1900,1900
195,0.8379,0.9118,0.8379,1.0,0,1592,0,308,DropEdgeGCN,dblp,0.24,1900,1900
196,0.847,0.9171,0.847,1.0,0,1677,0,303,RGCN,dblp,0.25,1980,1980
197,0.848,0.9177,0.848,1.0,0,1679,0,301,GCN,dblp,0.25,1980,1980
198,0.8338,0.9094,0.8338,1.0,0,1651,0,329,SkipNodeGCN,dblp,0.25,1980,1980
199,0.85,0.9189,0.85,1.0,0,1683,0,297,DropEdgeGCN,dblp,0.25,1980,1980
200,0.4937,0.661,0.4937,1.0,0,39,0,40,RGCN,dblp,0.01,79,79
201,0.7215,0.8382,0.7215,1.0,0,57,0,22,GCN,dblp,0.01,79,79
202,0.7089,0.8296,0.7089,1.0,0,56,0,23,SkipNodeGCN,dblp,0.01,79,79
203,0.6329,0.7752,0.6329,1.0,0,50,0,29,DropEdgeGCN,dblp,0.01,79,79
204,0.5,0.6667,0.5,1.0,0,79,0,79,RGCN,dblp,0.02,158,158
205,0.6772,0.8075,0.6772,1.0,0,107,0,51,GCN,dblp,0.02,158,158
206,0.8544,0.9215,0.8544,1.0,0,135,0,23,SkipNodeGCN,dblp,0.02,158,158
207,0.6013,0.751,0.6013,1.0,0,95,0,63,DropEdgeGCN,dblp,0.02,158,158
208,0.5359,0.6978,0.5359,1.0,0,127,0,110,RGCN,dblp,0.03,237,237
209,0.6498,0.7877,0.6498,1.0,0,154,0,83,GCN,dblp,0.03,237,237
210,0.8819,0.9372,0.8819,1.0,0,209,0,28,SkipNodeGCN,dblp,0.03,237,237
211,0.6962,0.8209,0.6962,1.0,0,165,0,72,DropEdgeGCN,dblp,0.03,237,237
212,0.5601,0.7181,0.5601,1.0,0,177,0,139,RGCN,dblp,0.04,316,316
213,0.75,0.8571,0.75,1.0,0,237,0,79,GCN,dblp,0.04,316,316
214,0.8259,0.9047,0.8259,1.0,0,261,0,55,SkipNodeGCN,dblp,0.04,316,316
215,0.7405,0.8509,0.7405,1.0,0,234,0,82,DropEdgeGCN,dblp,0.04,316,316
216,0.6061,0.7547,0.6061,1.0,0,240,0,156,RGCN,dblp,0.05,396,396
217,0.7551,0.8604,0.7551,1.0,0,299,0,97,GCN,dblp,0.05,396,396
218,0.8232,0.903,0.8232,1.0,0,326,0,70,SkipNodeGCN,dblp,0.05,396,396
219,0.7525,0.8588,0.7525,1.0,0,298,0,98,DropEdgeGCN,dblp,0.05,396,396
220,0.6189,0.7646,0.6189,1.0,0,294,0,181,RGCN,dblp,0.06,475,475
221,0.8063,0.8928,0.8063,1.0,0,383,0,92,GCN,dblp,0.06,475,475
222,0.8358,0.9106,0.8358,1.0,0,397,0,78,SkipNodeGCN,dblp,0.06,475,475
223,0.7474,0.8554,0.7474,1.0,0,355,0,120,DropEdgeGCN,dblp,0.06,475,475
224,0.648,0.7864,0.648,1.0,0,359,0,195,RGCN,dblp,0.07,554,554
225,0.7942,0.8853,0.7942,1.0,0,440,0,114,GCN,dblp,0.07,554,554
226,0.8412,0.9137,0.8412,1.0,0,466,0,88,SkipNodeGCN,dblp,0.07,554,554
227,0.7563,0.8613,0.7563,1.0,0,419,0,135,DropEdgeGCN,dblp,0.07,554,554
228,0.7014,0.8245,0.7014,1.0,0,444,0,189,RGCN,dblp,0.08,633,633
229,0.8057,0.8924,0.8057,1.0,0,510,0,123,GCN,dblp,0.08,633,633
230,0.8594,0.9244,0.8594,1.0,0,544,0,89,SkipNodeGCN,dblp,0.08,633,633
231,0.8136,0.8972,0.8136,1.0,0,515,0,118,DropEdgeGCN,dblp,0.08,633,633
232,0.7135,0.8328,0.7135,1.0,0,508,0,204,RGCN,dblp,0.09,712,712
233,0.7542,0.8599,0.7542,1.0,0,537,0,175,GCN,dblp,0.09,712,712
234,0.8581,0.9237,0.8581,1.0,0,611,0,101,SkipNodeGCN,dblp,0.09,712,712
235,0.7851,0.8796,0.7851,1.0,0,559,0,153,DropEdgeGCN,dblp,0.09,712,712
236,0.7323,0.8455,0.7323,1.0,0,580,0,212,RGCN,dblp,0.1,792,792
237,0.822,0.9023,0.822,1.0,0,651,0,141,GCN,dblp,0.1,792,792
238,0.8699,0.9305,0.8699,1.0,0,689,0,103,SkipNodeGCN,dblp,0.1,792,792
239,0.8232,0.903,0.8232,1.0,0,652,0,140,DropEdgeGCN,dblp,0.1,792,792
240,0.6831,0.8117,0.6831,1.0,0,595,0,276,RGCN,dblp,0.11,871,871
241,0.7658,0.8674,0.7658,1.0,0,667,0,204,GCN,dblp,0.11,871,871
242,0.7796,0.8761,0.7796,1.0,0,679,0,192,SkipNodeGCN,dblp,0.11,871,871
243,0.8106,0.8954,0.8106,1.0,0,706,0,165,DropEdgeGCN,dblp,0.11,871,871
244,0.7442,0.8533,0.7442,1.0,0,707,0,243,RGCN,dblp,0.12,950,950
245,0.7884,0.8817,0.7884,1.0,0,749,0,201,GCN,dblp,0.12,950,950
246,0.8379,0.9118,0.8379,1.0,0,796,0,154,SkipNodeGCN,dblp,0.12,950,950
247,0.8,0.8889,0.8,1.0,0,760,0,190,DropEdgeGCN,dblp,0.12,950,950
248,0.7502,0.8573,0.7502,1.0,0,772,0,257,RGCN,dblp,0.13,1029,1029
249,0.8367,0.9111,0.8367,1.0,0,861,0,168,GCN,dblp,0.13,1029,1029
250,0.8387,0.9123,0.8387,1.0,0,863,0,166,SkipNodeGCN,dblp,0.13,1029,1029
251,0.8154,0.8983,0.8154,1.0,0,839,0,190,DropEdgeGCN,dblp,0.13,1029,1029
252,0.7644,0.8665,0.7644,1.0,0,847,0,261,RGCN,dblp,0.14,1108,1108
253,0.7906,0.8831,0.7906,1.0,0,876,0,232,GCN,dblp,0.14,1108,1108
254,0.8475,0.9174,0.8475,1.0,0,939,0,169,SkipNodeGCN,dblp,0.14,1108,1108
255,0.7933,0.8848,0.7933,1.0,0,879,0,229,DropEdgeGCN,dblp,0.14,1108,1108
256,0.7668,0.868,0.7668,1.0,0,911,0,277,RGCN,dblp,0.15,1188,1188
257,0.8434,0.9151,0.8434,1.0,0,1002,0,186,GCN,dblp,0.15,1188,1188
258,0.8232,0.903,0.8232,1.0,0,978,0,210,SkipNodeGCN,dblp,0.15,1188,1188
259,0.782,0.8777,0.782,1.0,0,929,0,259,DropEdgeGCN,dblp,0.15,1188,1188
260,0.7822,0.8778,0.7822,1.0,0,991,0,276,RGCN,dblp,0.16,1267,1267
261,0.7972,0.8871,0.7972,1.0,0,1010,0,257,GCN,dblp,0.16,1267,1267
262,0.8279,0.9059,0.8279,1.0,0,1049,0,218,SkipNodeGCN,dblp,0.16,1267,1267
263,0.8082,0.8939,0.8082,1.0,0,1024,0,243,DropEdgeGCN,dblp,0.16,1267,1267
264,0.786,0.8802,0.786,1.0,0,1058,0,288,RGCN,dblp,0.17,1346,1346
265,0.7964,0.8867,0.7964,1.0,0,1072,0,274,GCN,dblp,0.17,1346,1346
266,0.8566,0.9228,0.8566,1.0,0,1153,0,193,SkipNodeGCN,dblp,0.17,1346,1346
267,0.7578,0.8622,0.7578,1.0,0,1020,0,326,DropEdgeGCN,dblp,0.17,1346,1346
268,0.7853,0.8797,0.7853,1.0,0,1119,0,306,RGCN,dblp,0.18,1425,1425
269,0.8063,0.8928,0.8063,1.0,0,1149,0,276,GCN,dblp,0.18,1425,1425
270,0.8182,0.9,0.8182,1.0,0,1166,0,259,SkipNodeGCN,dblp,0.18,1425,1425
271,0.8232,0.903,0.8232,1.0,0,1173,0,252,DropEdgeGCN,dblp,0.18,1425,1425
272,0.7906,0.883,0.7906,1.0,0,1189,0,315,RGCN,dblp,0.19,1504,1504
273,0.7886,0.8818,0.7886,1.0,0,1186,0,318,GCN,dblp,0.19,1504,1504
274,0.8424,0.9145,0.8424,1.0,0,1267,0,237,SkipNodeGCN,dblp,0.19,1504,1504
275,0.8052,0.8921,0.8052,1.0,0,1211,0,293,DropEdgeGCN,dblp,0.19,1504,1504
276,0.8359,0.9106,0.8359,1.0,0,1324,0,260,RGCN,dblp,0.2,1584,1584
277,0.7551,0.8604,0.7551,1.0,0,1196,0,388,GCN,dblp,0.2,1584,1584
278,0.8396,0.9128,0.8396,1.0,0,1330,0,254,SkipNodeGCN,dblp,0.2,1584,1584
279,0.8327,0.9087,0.8327,1.0,0,1319,0,265,DropEdgeGCN,dblp,0.2,1584,1584
280,0.837,0.9113,0.837,1.0,0,1392,0,271,RGCN,dblp,0.21,1663,1663
281,0.8461,0.9166,0.8461,1.0,0,1407,0,256,GCN,dblp,0.21,1663,1663
282,0.8298,0.907,0.8298,1.0,0,1380,0,283,SkipNodeGCN,dblp,0.21,1663,1663
283,0.7956,0.8861,0.7956,1.0,0,1323,0,340,DropEdgeGCN,dblp,0.21,1663,1663
284,0.8485,0.918,0.8485,1.0,0,1478,0,264,RGCN,dblp,0.22,1742,1742
285,0.8197,0.9009,0.8197,1.0,0,1428,0,314,GCN,dblp,0.22,1742,1742
286,0.8496,0.9187,0.8496,1.0,0,1480,0,262,SkipNodeGCN,dblp,0.22,1742,1742
287,0.81,0.895,0.81,1.0,0,1411,0,331,DropEdgeGCN,dblp,0.22,1742,1742
288,0.8429,0.9148,0.8429,1.0,0,1535,0,286,RGCN,dblp,0.23,1821,1821
289,0.821,0.9017,0.821,1.0,0,1495,0,326,GCN,dblp,0.23,1821,1821
290,0.8396,0.9128,0.8396,1.0,0,1529,0,292,SkipNodeGCN,dblp,0.23,1821,1821
291,0.8133,0.897,0.8133,1.0,0,1481,0,340,DropEdgeGCN,dblp,0.23,1821,1821
292,0.8374,0.9115,0.8374,1.0,0,1591,0,309,RGCN,dblp,0.24,1900,1900
293,0.8474,0.9174,0.8474,1.0,0,1610,0,290,GCN,dblp,0.24,1900,1900
294,0.8247,0.904,0.8247,1.0,0,1567,0,333,SkipNodeGCN,dblp,0.24,1900,1900
295,0.8384,0.9121,0.8384,1.0,0,1593,0,307,DropEdgeGCN,dblp,0.24,1900,1900
296,0.8586,0.9239,0.8586,1.0,0,1700,0,280,RGCN,dblp,0.25,1980,1980
297,0.847,0.9171,0.847,1.0,0,1677,0,303,GCN,dblp,0.25,1980,1980
298,0.8187,0.9003,0.8187,1.0,0,1621,0,359,SkipNodeGCN,dblp,0.25,1980,1980
299,0.8525,0.9204,0.8525,1.0,0,1688,0,292,DropEdgeGCN,dblp,0.25,1980,1980
300,0.481,0.6496,0.481,1.0,0,38,0,41,RGCN,dblp,0.01,79,79
301,0.6709,0.803,0.6709,1.0,0,53,0,26,GCN,dblp,0.01,79,79
302,0.8608,0.9252,0.8608,1.0,0,68,0,11,SkipNodeGCN,dblp,0.01,79,79
303,0.6456,0.7846,0.6456,1.0,0,51,0,28,DropEdgeGCN,dblp,0.01,79,79
304,0.557,0.7154,0.557,1.0,0,88,0,70,RGCN,dblp,0.02,158,158
305,0.7089,0.8296,0.7089,1.0,0,112,0,46,GCN,dblp,0.02,158,158
306,0.8101,0.8951,0.8101,1.0,0,128,0,30,SkipNodeGCN,dblp,0.02,158,158
307,0.7658,0.8674,0.7658,1.0,0,121,0,37,DropEdgeGCN,dblp,0.02,158,158
308,0.5865,0.7394,0.5865,1.0,0,139,0,98,RGCN,dblp,0.03,237,237
309,0.6835,0.812,0.6835,1.0,0,162,0,75,GCN,dblp,0.03,237,237
310,0.8734,0.9324,0.8734,1.0,0,207,0,30,SkipNodeGCN,dblp,0.03,237,237
311,0.73,0.8439,0.73,1.0,0,173,0,64,DropEdgeGCN,dblp,0.03,237,237
312,0.6234,0.768,0.6234,1.0,0,197,0,119,RGCN,dblp,0.04,316,316
313,0.8006,0.8893,0.8006,1.0,0,253,0,63,GCN,dblp,0.04,316,316
314,0.8544,0.9215,0.8544,1.0,0,270,0,46,SkipNodeGCN,dblp,0.04,316,316
315,0.6424,0.7823,0.6424,1.0,0,203,0,113,DropEdgeGCN,dblp,0.04,316,316
316,0.6465,0.7853,0.6465,1.0,0,256,0,140,RGCN,dblp,0.05,396,396
317,0.7955,0.8861,0.7955,1.0,0,315,0,81,GCN,dblp,0.05,396,396
318,0.851,0.9195,0.851,1.0,0,337,0,59,SkipNodeGCN,dblp,0.05,396,396
319,0.798,0.8876,0.798,1.0,0,316,0,80,DropEdgeGCN,dblp,0.05,396,396
320,0.6232,0.7678,0.6232,1.0,0,296,0,179,RGCN,dblp,0.06,475,475
321,0.7411,0.8513,0.7411,1.0,0,352,0,123,GCN,dblp,0.06,475,475
322,0.8526,0.9205,0.8526,1.0,0,405,0,70,SkipNodeGCN,dblp,0.06,475,475
323,0.7895,0.8824,0.7895,1.0,0,375,0,100,DropEdgeGCN,dblp,0.06,475,475
324,0.6643,0.7983,0.6643,1.0,0,368,0,186,RGCN,dblp,0.07,554,554
325,0.7978,0.8876,0.7978,1.0,0,442,0,112,GCN,dblp,0.07,554,554
326,0.8448,0.9159,0.8448,1.0,0,468,0,86,SkipNodeGCN,dblp,0.07,554,554
327,0.7888,0.8819,0.7888,1.0,0,437,0,117,DropEdgeGCN,dblp,0.07,554,554
328,0.7346,0.847,0.7346,1.0,0,465,0,168,RGCN,dblp,0.08,633,633
329,0.7678,0.8686,0.7678,1.0,0,486,0,147,GCN,dblp,0.08,633,633
330,0.8784,0.9352,0.8784,1.0,0,556,0,77,SkipNodeGCN,dblp,0.08,633,633
331,0.7362,0.848,0.7362,1.0,0,466,0,167,DropEdgeGCN,dblp,0.08,633,633
332,0.6812,0.8104,0.6812,1.0,0,485,0,227,RGCN,dblp,0.09,712,712
333,0.7683,0.8689,0.7683,1.0,0,547,0,165,GCN,dblp,0.09,712,712
334,0.8385,0.9121,0.8385,1.0,0,597,0,115,SkipNodeGCN,dblp,0.09,712,712
335,0.8174,0.8995,0.8174,1.0,0,582,0,130,DropEdgeGCN,dblp,0.09,712,712
336,0.7146,0.8336,0.7146,1.0,0,566,0,226,RGCN,dblp,0.1,792,792
337,0.8005,0.8892,0.8005,1.0,0,634,0,158,GCN,dblp,0.1,792,792
338,0.851,0.9195,0.851,1.0,0,674,0,118,SkipNodeGCN,dblp,0.1,792,792
339,0.7854,0.8798,0.7854,1.0,0,622,0,170,DropEdgeGCN,dblp,0.1,792,792
340,0.698,0.8222,0.698,1.0,0,608,0,263,RGCN,dblp,0.11,871,871
341,0.8002,0.889,0.8002,1.0,0,697,0,174,GCN,dblp,0.11,871,871
342,0.8393,0.9126,0.8393,1.0,0,731,0,140,SkipNodeGCN,dblp,0.11,871,871
343,0.7876,0.8812,0.7876,1.0,0,686,0,185,DropEdgeGCN,dblp,0.11,871,871
344,0.7347,0.8471,0.7347,1.0,0,698,0,252,RGCN,dblp,0.12,950,950
345,0.7926,0.8843,0.7926,1.0,0,753,0,197,GCN,dblp,0.12,950,950
346,0.84,0.913,0.84,1.0,0,798,0,152,SkipNodeGCN,dblp,0.12,950,950
347,0.7316,0.845,0.7316,1.0,0,695,0,255,DropEdgeGCN,dblp,0.12,950,950
348,0.7745,0.8729,0.7745,1.0,0,797,0,232,RGCN,dblp,0.13,1029,1029
349,0.8251,0.9042,0.8251,1.0,0,849,0,180,GCN,dblp,0.13,1029,1029
350,0.8416,0.914,0.8416,1.0,0,866,0,163,SkipNodeGCN,dblp,0.13,1029,1029
351,0.7881,0.8815,0.7881,1.0,0,811,0,218,DropEdgeGCN,dblp,0.13,1029,1029
352,0.7717,0.8711,0.7717,1.0,0,855,0,253,RGCN,dblp,0.14,1108,1108
353,0.8348,0.91,0.8348,1.0,0,925,0,183,GCN,dblp,0.14,1108,1108
354,0.8718,0.9315,0.8718,1.0,0,966,0,142,SkipNodeGCN,dblp,0.14,1108,1108
355,0.7924,0.8842,0.7924,1.0,0,878,0,230,DropEdgeGCN,dblp,0.14,1108,1108
356,0.7727,0.8718,0.7727,1.0,0,918,0,270,RGCN,dblp,0.15,1188,1188
357,0.7997,0.8887,0.7997,1.0,0,950,0,238,GCN,dblp,0.15,1188,1188
358,0.8283,0.9061,0.8283,1.0,0,984,0,204,SkipNodeGCN,dblp,0.15,1188,1188
359,0.782,0.8777,0.782,1.0,0,929,0,259,DropEdgeGCN,dblp,0.15,1188,1188
360,0.7545,0.8601,0.7545,1.0,0,956,0,311,RGCN,dblp,0.16,1267,1267
361,0.7774,0.8748,0.7774,1.0,0,985,0,282,GCN,dblp,0.16,1267,1267
362,0.824,0.9035,0.824,1.0,0,1044,0,223,SkipNodeGCN,dblp,0.16,1267,1267
363,0.7853,0.8798,0.7853,1.0,0,995,0,272,DropEdgeGCN,dblp,0.16,1267,1267
364,0.7897,0.8825,0.7897,1.0,0,1063,0,283,RGCN,dblp,0.17,1346,1346
365,0.8321,0.9084,0.8321,1.0,0,1120,0,226,GCN,dblp,0.17,1346,1346
366,0.8603,0.9249,0.8603,1.0,0,1158,0,188,SkipNodeGCN,dblp,0.17,1346,1346
367,0.8091,0.8945,0.8091,1.0,0,1089,0,257,DropEdgeGCN,dblp,0.17,1346,1346
368,0.7965,0.8867,0.7965,1.0,0,1135,0,290,RGCN,dblp,0.18,1425,1425
369,0.8463,0.9168,0.8463,1.0,0,1206,0,219,GCN,dblp,0.18,1425,1425
370,0.847,0.9172,0.847,1.0,0,1207,0,218,SkipNodeGCN,dblp,0.18,1425,1425
371,0.8667,0.9286,0.8667,1.0,0,1235,0,190,DropEdgeGCN,dblp,0.18,1425,1425
372,0.8138,0.8974,0.8138,1.0,0,1224,0,280,RGCN,dblp,0.19,1504,1504
373,0.8344,0.9097,0.8344,1.0,0,1255,0,249,GCN,dblp,0.19,1504,1504
374,0.8597,0.9246,0.8597,1.0,0,1293,0,211,SkipNodeGCN,dblp,0.19,1504,1504
375,0.8305,0.9074,0.8305,1.0,0,1249,0,255,DropEdgeGCN,dblp,0.19,1504,1504
376,0.8018,0.89,0.8018,1.0,0,1270,0,314,RGCN,dblp,0.2,1584,1584
377,0.8024,0.8904,0.8024,1.0,0,1271,0,313,GCN,dblp,0.2,1584,1584
378,0.8447,0.9158,0.8447,1.0,0,1338,0,246,SkipNodeGCN,dblp,0.2,1584,1584
379,0.8592,0.9243,0.8592,1.0,0,1361,0,223,DropEdgeGCN,dblp,0.2,1584,1584
380,0.825,0.9041,0.825,1.0,0,1372,0,291,RGCN,dblp,0.21,1663,1663
381,0.8226,0.9027,0.8226,1.0,0,1368,0,295,GCN,dblp,0.21,1663,1663
382,0.8593,0.9243,0.8593,1.0,0,1429,0,234,SkipNodeGCN,dblp,0.21,1663,1663
383,0.816,0.8987,0.816,1.0,0,1357,0,306,DropEdgeGCN,dblp,0.21,1663,1663
384,0.8238,0.9034,0.8238,1.0,0,1435,0,307,RGCN,dblp,0.22,1742,1742
385,0.8163,0.8989,0.8163,1.0,0,1422,0,320,GCN,dblp,0.22,1742,1742
386,0.7945,0.8855,0.7945,1.0,0,1384,0,358,SkipNodeGCN,dblp,0.22,1742,1742
387,0.7807,0.8769,0.7807,1.0,0,1360,0,382,DropEdgeGCN,dblp,0.22,1742,1742
388,0.8473,0.9174,0.8473,1.0,0,1543,0,278,RGCN,dblp,0.23,1821,1821
389,0.8545,0.9215,0.8545,1.0,0,1556,0,265,GCN,dblp,0.23,1821,1821
390,0.8402,0.9132,0.8402,1.0,0,1530,0,291,SkipNodeGCN,dblp,0.23,1821,1821
391,0.8204,0.9014,0.8204,1.0,0,1494,0,327,DropEdgeGCN,dblp,0.23,1821,1821
392,0.8521,0.9201,0.8521,1.0,0,1619,0,281,RGCN,dblp,0.24,1900,1900
393,0.8326,0.9087,0.8326,1.0,0,1582,0,318,GCN,dblp,0.24,1900,1900
394,0.8521,0.9201,0.8521,1.0,0,1619,0,281,SkipNodeGCN,dblp,0.24,1900,1900
395,0.8389,0.9124,0.8389,1.0,0,1594,0,306,DropEdgeGCN,dblp,0.24,1900,1900
396,0.851,0.9195,0.851,1.0,0,1685,0,295,RGCN,dblp,0.25,1980,1980
397,0.8616,0.9257,0.8616,1.0,0,1706,0,274,GCN,dblp,0.25,1980,1980
398,0.8424,0.9145,0.8424,1.0,0,1668,0,312,SkipNodeGCN,dblp,0.25,1980,1980
399,0.8157,0.8985,0.8157,1.0,0,1615,0,365,DropEdgeGCN,dblp,0.25,1980,1980
400,0.4684,0.6379,0.4684,1.0,0,37,0,42,RGCN,dblp,0.01,79,79
401,0.6203,0.7656,0.6203,1.0,0,49,0,30,GCN,dblp,0.01,79,79
402,0.9114,0.9536,0.9114,1.0,0,72,0,7,SkipNodeGCN,dblp,0.01,79,79
403,0.5316,0.6942,0.5316,1.0,0,42,0,37,DropEdgeGCN,dblp,0.01,79,79
404,0.4873,0.6553,0.4873,1.0,0,77,0,81,RGCN,dblp,0.02,158,158
405,0.6709,0.803,0.6709,1.0,0,106,0,52,GCN,dblp,0.02,158,158
406,0.8797,0.936,0.8797,1.0,0,139,0,19,SkipNodeGCN,dblp,0.02,158,158
407,0.6772,0.8075,0.6772,1.0,0,107,0,51,DropEdgeGCN,dblp,0.02,158,158
408,0.5316,0.6942,0.5316,1.0,0,126,0,111,RGCN,dblp,0.03,237,237
409,0.654,0.7908,0.654,1.0,0,155,0,82,GCN,dblp,0.03,237,237
410,0.8228,0.9028,0.8228,1.0,0,195,0,42,SkipNodeGCN,dblp,0.03,237,237
411,0.6371,0.7784,0.6371,1.0,0,151,0,86,DropEdgeGCN,dblp,0.03,237,237
412,0.5981,0.7485,0.5981,1.0,0,189,0,127,RGCN,dblp,0.04,316,316
413,0.7595,0.8633,0.7595,1.0,0,240,0,76,GCN,dblp,0.04,316,316
414,0.8892,0.9414,0.8892,1.0,0,281,0,35,SkipNodeGCN,dblp,0.04,316,316
415,0.712,0.8318,0.712,1.0,0,225,0,91,DropEdgeGCN,dblp,0.04,316,316
416,0.5732,0.7287,0.5732,1.0,0,227,0,169,RGCN,dblp,0.05,396,396
417,0.7702,0.8702,0.7702,1.0,0,305,0,91,GCN,dblp,0.05,396,396
418,0.8737,0.9326,0.8737,1.0,0,346,0,50,SkipNodeGCN,dblp,0.05,396,396
419,0.7828,0.8782,0.7828,1.0,0,310,0,86,DropEdgeGCN,dblp,0.05,396,396
420,0.6695,0.802,0.6695,1.0,0,318,0,157,RGCN,dblp,0.06,475,475
421,0.8147,0.8979,0.8147,1.0,0,387,0,88,GCN,dblp,0.06,475,475
422,0.8358,0.9106,0.8358,1.0,0,397,0,78,SkipNodeGCN,dblp,0.06,475,475
423,0.7768,0.8744,0.7768,1.0,0,369,0,106,DropEdgeGCN,dblp,0.06,475,475
424,0.6552,0.7917,0.6552,1.0,0,363,0,191,RGCN,dblp,0.07,554,554
425,0.7076,0.8288,0.7076,1.0,0,392,0,162,GCN,dblp,0.07,554,554
426,0.8592,0.9243,0.8592,1.0,0,476,0,78,SkipNodeGCN,dblp,0.07,554,554
427,0.7491,0.8566,0.7491,1.0,0,415,0,139,DropEdgeGCN,dblp,0.07,554,554
428,0.6177,0.7637,0.6177,1.0,0,391,0,242,RGCN,dblp,0.08,633,633
429,0.7946,0.8856,0.7946,1.0,0,503,0,130,GCN,dblp,0.08,633,633
430,0.8389,0.9124,0.8389,1.0,0,531,0,102,SkipNodeGCN,dblp,0.08,633,633
431,0.7867,0.8806,0.7867,1.0,0,498,0,135,DropEdgeGCN,dblp,0.08,633,633
432,0.7149,0.8337,0.7149,1.0,0,509,0,203,RGCN,dblp,0.09,712,712
433,0.7303,0.8442,0.7303,1.0,0,520,0,192,GCN,dblp,0.09,712,712
434,0.8202,0.9012,0.8202,1.0,0,584,0,128,SkipNodeGCN,dblp,0.09,712,712
435,0.8076,0.8936,0.8076,1.0,0,575,0,137,DropEdgeGCN,dblp,0.09,712,712
436,0.7172,0.8353,0.7172,1.0,0,568,0,224,RGCN,dblp,0.1,792,792
437,0.7879,0.8814,0.7879,1.0,0,624,0,168,GCN,dblp,0.1,792,792
438,0.8308,0.9076,0.8308,1.0,0,658,0,134,SkipNodeGCN,dblp,0.1,792,792
439,0.8068,0.8931,0.8068,1.0,0,639,0,153,DropEdgeGCN,dblp,0.1,792,792
440,0.752,0.8585,0.752,1.0,0,655,0,216,RGCN,dblp,0.11,871,871
441,0.7233,0.8394,0.7233,1.0,0,630,0,241,GCN,dblp,0.11,871,871
442,0.8668,0.9287,0.8668,1.0,0,755,0,116,SkipNodeGCN,dblp,0.11,871,871
443,0.7635,0.8659,0.7635,1.0,0,665,0,206,DropEdgeGCN,dblp,0.11,871,871
444,0.7463,0.8547,0.7463,1.0,0,709,0,241,RGCN,dblp,0.12,950,950
445,0.8379,0.9118,0.8379,1.0,0,796,0,154,GCN,dblp,0.12,950,950
446,0.8611,0.9253,0.8611,1.0,0,818,0,132,SkipNodeGCN,dblp,0.12,950,950
447,0.7937,0.885,0.7937,1.0,0,754,0,196,DropEdgeGCN,dblp,0.12,950,950
448,0.7425,0.8522,0.7425,1.0,0,764,0,265,RGCN,dblp,0.13,1029,1029
449,0.7794,0.876,0.7794,1.0,0,802,0,227,GCN,dblp,0.13,1029,1029
450,0.8163,0.8989,0.8163,1.0,0,840,0,189,SkipNodeGCN,dblp,0.13,1029,1029
451,0.8328,0.9088,0.8328,1.0,0,857,0,172,DropEdgeGCN,dblp,0.13,1029,1029
452,0.7662,0.8677,0.7662,1.0,0,849,0,259,RGCN,dblp,0.14,1108,1108
453,0.8547,0.9217,0.8547,1.0,0,947,0,161,GCN,dblp,0.14,1108,1108
454,0.8601,0.9248,0.8601,1.0,0,953,0,155,SkipNodeGCN,dblp,0.14,1108,1108
455,0.7906,0.8831,0.7906,1.0,0,876,0,232,DropEdgeGCN,dblp,0.14,1108,1108
456,0.7677,0.8686,0.7677,1.0,0,912,0,276,RGCN,dblp,0.15,1188,1188
457,0.8502,0.919,0.8502,1.0,0,1010,0,178,GCN,dblp,0.15,1188,1188
458,0.8535,0.921,0.8535,1.0,0,1014,0,174,SkipNodeGCN,dblp,0.15,1188,1188
459,0.8056,0.8923,0.8056,1.0,0,957,0,231,DropEdgeGCN,dblp,0.15,1188,1188
460,0.7553,0.8606,0.7553,1.0,0,957,0,310,RGCN,dblp,0.16,1267,1267
461,0.8406,0.9134,0.8406,1.0,0,1065,0,202,GCN,dblp,0.16,1267,1267
462,0.8082,0.8939,0.8082,1.0,0,1024,0,243,SkipNodeGCN,dblp,0.16,1267,1267
463,0.8335,0.9092,0.8335,1.0,0,1056,0,211,DropEdgeGCN,dblp,0.16,1267,1267
464,0.7927,0.8844,0.7927,1.0,0,1067,0,279,RGCN,dblp,0.17,1346,1346
465,0.8083,0.894,0.8083,1.0,0,1088,0,258,GCN,dblp,0.17,1346,1346
466,0.8789,0.9355,0.8789,1.0,0,1183,0,163,SkipNodeGCN,dblp,0.17,1346,1346
467,0.8455,0.9163,0.8455,1.0,0,1138,0,208,DropEdgeGCN,dblp,0.17,1346,1346
468,0.8091,0.8945,0.8091,1.0,0,1153,0,272,RGCN,dblp,0.18,1425,1425
469,0.8498,0.9188,0.8498,1.0,0,1211,0,214,GCN,dblp,0.18,1425,1425
470,0.8891,0.9413,0.8891,1.0,0,1267,0,158,SkipNodeGCN,dblp,0.18,1425,1425
471,0.8253,0.9043,0.8253,1.0,0,1176,0,249,DropEdgeGCN,dblp,0.18,1425,1425
472,0.8245,0.9038,0.8245,1.0,0,1240,0,264,RGCN,dblp,0.19,1504,1504
473,0.8218,0.9022,0.8218,1.0,0,1236,0,268,GCN,dblp,0.19,1504,1504
474,0.8517,0.9199,0.8517,1.0,0,1281,0,223,SkipNodeGCN,dblp,0.19,1504,1504
475,0.7553,0.8606,0.7553,1.0,0,1136,0,368,DropEdgeGCN,dblp,0.19,1504,1504
476,0.8359,0.9106,0.8359,1.0,0,1324,0,260,RGCN,dblp,0.2,1584,1584
477,0.7778,0.875,0.7778,1.0,0,1232,0,352,GCN,dblp,0.2,1584,1584
478,0.8617,0.9257,0.8617,1.0,0,1365,0,219,SkipNodeGCN,dblp,0.2,1584,1584
479,0.798,0.8876,0.798,1.0,0,1264,0,320,DropEdgeGCN,dblp,0.2,1584,1584
480,0.8184,0.9001,0.8184,1.0,0,1361,0,302,RGCN,dblp,0.21,1663,1663
481,0.8503,0.9191,0.8503,1.0,0,1414,0,249,GCN,dblp,0.21,1663,1663
482,0.813,0.8968,0.813,1.0,0,1352,0,311,SkipNodeGCN,dblp,0.21,1663,1663
483,0.8316,0.9081,0.8316,1.0,0,1383,0,280,DropEdgeGCN,dblp,0.21,1663,1663
484,0.8645,0.9273,0.8645,1.0,0,1506,0,236,RGCN,dblp,0.22,1742,1742
485,0.7945,0.8855,0.7945,1.0,0,1384,0,358,GCN,dblp,0.22,1742,1742
486,0.8611,0.9254,0.8611,1.0,0,1500,0,242,SkipNodeGCN,dblp,0.22,1742,1742
487,0.833,0.9089,0.833,1.0,0,1451,0,291,DropEdgeGCN,dblp,0.22,1742,1742
488,0.8342,0.9096,0.8342,1.0,0,1519,0,302,RGCN,dblp,0.23,1821,1821
489,0.8375,0.9115,0.8375,1.0,0,1525,0,296,GCN,dblp,0.23,1821,1821
490,0.8407,0.9135,0.8407,1.0,0,1531,0,290,SkipNodeGCN,dblp,0.23,1821,1821
491,0.8407,0.9135,0.8407,1.0,0,1531,0,290,DropEdgeGCN,dblp,0.23,1821,1821
492,0.8311,0.9077,0.8311,1.0,0,1579,0,321,RGCN,dblp,0.24,1900,1900
493,0.7947,0.8856,0.7947,1.0,0,1510,0,390,GCN,dblp,0.24,1900,1900
494,0.8442,0.9155,0.8442,1.0,0,1604,0,296,SkipNodeGCN,dblp,0.24,1900,1900
495,0.8158,0.8986,0.8158,1.0,0,1550,0,350,DropEdgeGCN,dblp,0.24,1900,1900
496,0.8596,0.9245,0.8596,1.0,0,1702,0,278,RGCN,dblp,0.25,1980,1980
497,0.85,0.9189,0.85,1.0,0,1683,0,297,GCN,dblp,0.25,1980,1980
498,0.8364,0.9109,0.8364,1.0,0,1656,0,324,SkipNodeGCN,dblp,0.25,1980,1980
499,0.8535,0.921,0.8535,1.0,0,1690,0,290,DropEdgeGCN,dblp,0.25,1980,1980
